lord, L AO : R D, s, 
who, HH UW1 , s, 
would, W UH1 D , s, 
live, L AY1 V , s, 
in, IH N, s, 
the, DH AH0 , s, 
court, K AO : R T, s, 
and, AH0 N D , s, 
may, M EH: :, s, 
enjoy, EH2 N JH OY1 , s, 
such, S ɤ T SH, s, 
quiet, ˈ K W ǝ IH ǝ T, s, 
walks, W AO1 K S , s, 
as, AE1 Z , s, 
these, DH IY1 Z , s, 
this, DH IH1 S , s, 
small, S M AO1 L , s, 
inheritance, IH N ˈ e r IH ˌ T AW N S, s, 
my, M AY1 , s, 
father, F AA1 DH ER0 , s, 
left, L EH1 F T , s, 
me, M IY1 , s, 
contenteth, K ǝ N ˈ T e N T ǝ TH, s, 
me, M IY1 , s, 
and, AH0 N D , s, 
worth, W AO : R TH, s, 
a, AH0 , s, 
monarchy, ˈ M ɒ N ǝ R ˌ K ǝ IH, s, 
i, AY1 , s, 
seek, S IY1 K , s, 
not, N AA1 T , s, 
to, T UW1 , s, 
wax, W AE1 K S , s, 
great, G r e T, s, 
by, B AY1 , s, 
others', AH1 DH ER0 Z , s, 
waning, ˈ W EH: : N IH N, s, 
or, AO : R, s, 
gather, G AE1 DH ER0 , s, 
wealth, W EH1 L TH , s, 
i, AY1 , s, 
care, K EH: : R, s, 
not, N AA1 T , s, 
with, W IH1 DH , s, 
what, W AH1 T , s, 
envy, ˈ e N V ǝ IH, s, 
sufficeth, S ǝ ˈ F ǝ IH S ǝ TH, s, 
that, DH AE1 T , s, 
i, AY1 , s, 
have, HH AE1 V , s, 
maintains, M EY0 N T EY1 N Z , s, 
my, M AY1 , s, 
state, S T EY1 T , s, 
and, AH0 N D , s, 
sends, S EH1 N D Z , s, 
the, DH AH0 , s, 
poor, P UW1 R , s, 
well, W EH1 L , s, 
from, F R AH1 M , s, 
my, M AY1 , s, 
gate, G EH: : T, s, 
why, ʍ ǝ IH, s, 
rude, R UW1 D , s, 
companion, K AH0 M P AE1 N Y AH0 N , s, 
thou, DH AW1 , s, 
be, B IY1 , s, 
i, AY1 , s, 
know, N OW1 , s, 
thee, DH IY1 , s, 
not, N AA1 T , s, 
why, ʍ ǝ IH, s, 
then, DH EH1 N , s, 
should, SH UH1 D , s, 
i, AY1 , s, 
betray, B IH0 T R EY1 , s, 
thee, DH IY1 , s, 
is, IH1 Z , s, 
not, N AA1 T , s, 
enough, IH ˈ N ɤ F, s, 
to, T UW1 , s, 
break, B R EY1 K , s, 
into, IH1 N T UW0 , s, 
my, M AY1 , s, 
garden, ˈ G AA : R D ǝ N, s, 
and, AH0 N D , s, 
like, L ǝ IH K, s, 
a, AH0 , s, 
thief, TH IY1 F , s, 
to, T UW1 , s, 
come, K ɤ M, s, 
to, T UW1 , s, 
rob, R AA1 B , s, 
my, M AY1 , s, 
grounds, G r ǝ UH N D Z, s, 
climbing, K L AY1 M IH0 NG , s, 
my, M AY1 , s, 
walls, W AO1 L Z , s, 
in, IH N, s, 
spite, S P ǝ IH T, s, 
of, AH1 V , s, 
me, M IY1 , s, 
the, DH AH0 , s, 
owner, ˈ OW : N ǝ R, s, 
but, B AH1 T , s, 
thou, DH AW1 , s, 
wilt, W IH1 L T , s, 
brave, B r AW : V, s, 
me, M IY1 , s, 
with, W IH1 DH , s, 
these, DH IY1 Z , s, 
saucy, ˈ S AO : S ǝ IH, s, 
terms, T ɐ : R M Z, s, 
nay, N EH: :, s, 
it, IH1 T , s, 
shall, SH AE1 L , s, 
ne'er, N EH1 R , s, 
be, B IY1 , s, 
said, S EH1 D , s, 
while, W AY1 L , s, 
england, IH1 NG G L AH0 N D , s, 
stands, S T AE1 N D Z , s, 
that, DH AE1 T , s, 
alexander, AE2 L AH0 G Z AE1 N D ER0 , s, 
iden, ˈ ǝ IH D ǝ N, s, 
an, AE1 N , s, 
esquire, EH1 S K W AY2 R , s, 
of, AH1 V , s, 
kent, K EH1 N T , s, 
took, T UH1 K , s, 
odds, AA1 D Z , s, 
to, T UW1 , s, 
combat, K AA1 M B AE0 T , s, 
a, AH0 , s, 
poor, P UW1 R , s, 
famished, F AE1 M IH0 SH T , s, 
man, M AE1 N , s, 
oppose, AH0 P OW1 Z , s, 
thy, DH AY1 , s, 
steadfast, S T EH1 D F AE2 S T , s, 
gazing, G EY1 Z IH0 NG , s, 
eyes, ǝ IH Z, s, 
to, T UW1 , s, 
mine, M ǝ IH N, s, 
see, S IY1 , s, 
if, IH1 F , s, 
thou, DH AW1 , s, 
me, M IY1 , s, 
with, W IH1 DH , s, 
thy, DH AY1 , s, 
looks, L UH1 K S , s, 
set, S EH1 T , s, 
limb, L IH1 M , s, 
to, T UW1 , s, 
limb, L IH1 M , s, 
and, AH0 N D , s, 
thou, DH AW1 , s, 
art, AA : R T, s, 
far, F AA1 R , s, 
the, DH AH0 , s, 
lesser, ˈ L e S ǝ R, s, 
thy, DH AY1 , s, 
hand, AW N D, s, 
is, IH1 Z , s, 
but, B AH1 T , s, 
a, AH0 , s, 
finger, F IH1 NG G ER0 , s, 
to, T UW1 , s, 
my, M AY1 , s, 
fist, F IH1 S T , s, 
thy, DH AY1 , s, 
leg, L EH1 G , s, 
a, AH0 , s, 
stick, S T IH1 K , s, 
with, W IH1 DH , s, 
this, DH IH1 S , s, 
truncheon, T R AH1 N CH IH0 N , s, 
my, M AY1 , s, 
foot, F UH1 T , s, 
shall, SH AE1 L , s, 
fight, F ǝ IH T, s, 
with, W IH1 DH , s, 
all, AA : L, s, 
the, DH AH0 , s, 
strength, S T R EH1 NG K TH , s, 
thou, DH AW1 , s, 
hast, HH AE1 S T , s, 
and, AH0 N D , s, 
if, IH1 F , s, 
mine, M ǝ IH N, s, 
arm, AA1 R M , s, 
be, B IY1 , s, 
in, IH N, s, 
the, DH AH0 , s, 
air, EH: R, s, 
thy, DH AY1 , s, 
grave, G r EH: : V, s, 
is, IH1 Z , s, 
digged, D IH G T, s, 
already, AA : L ˈ r e D ǝ IH, s, 
in, IH N, s, 
the, DH AH0 , s, 
earth, ER1 TH , s, 
as, AE1 Z , s, 
for, F AO1 R , s, 
words, W ER1 D Z , s, 
whose, HH UW1 Z , s, 
greatness, ˈ G r e T N ǝ S, s, 
answers, ˈ AW N S ǝ R Z, s, 
words, W ER1 D Z , s, 
let, L EH1 T , s, 
this, DH IH1 S , s, 
my, M AY1 , s, 
sword, S AO1 R D , s, 
report, r IH ˈ P AO : R T, s, 
what, W AH1 T , s, 
speech, S P IY1 CH , s, 
forbears, F ǝ R ˈ B EH: : R Z, s, 
is, IH1 Z , s, 
cade, K EH: : D, s, 
that, DH AE1 T , s, 
i, AY1 , s, 
have, HH AE1 V , s, 
slain, S L EH: : N, s, 
that, DH AE1 T , s, 
monstrous, ˈ M ɒ N S T r ǝ, s, 
traitor, T R EY1 T ER0 , s, 
sword, S AO1 R D , s, 
i, AY1 , s, 
will, W IH1 L , s, 
hallow, ˈ AA L ǝ, s, 
thee, DH IY1 , s, 
for, F AO1 R , s, 
this, DH IH1 S , s, 
thy, DH AY1 , s, 
deed, D IY1 D , s, 
and, AH0 N D , s, 
hang, AW NG, s, 
thee, DH IY1 , s, 
my, M AY1 , s, 
tomb, T UW1 M , s, 
when, ʍ e N, s, 
i, AY1 , s, 
am, AE1 M , s, 
dead, D EH1 D , s, 
ne'er, N EH1 R , s, 
shall, SH AE1 L , s, 
this, DH IH1 S , s, 
blood, B L AH1 D , s, 
be, B IY1 , s, 
from, F R AH1 M , s, 
thy, DH AY1 , s, 
point, P ǝ IH N T, s, 
but, B AH1 T , s, 
thou, DH AW1 , s, 
shalt, SH AE1 L T , s, 
wear, W EH: : R, s, 
it, IH1 T , s, 
as, AE1 Z , s, 
a, AH0 , s, 
herald's, HH EH1 R AH0 L D Z , s, 
coat, K OW1 T , s, 
to, T UW1 , s, 
emblaze, ˈ e M B L EH: : Z, s, 
the, DH AH0 , s, 
honor, AA1 N ER0 , s, 
that, DH AE1 T , s, 
thy, DH AY1 , s, 
master, ˈ M AW S T ǝ R, s, 
got, G AA1 T , s, 
how, HH AW1 , s, 
much, M ɤ T SH, s, 
thou, DH AW1 , s, 
me, M IY1 , s, 
heaven, HH EH1 V AH0 N , s, 
be, B IY1 , s, 
my, M AY1 , s, 
judge, JH AH1 JH , s, 
die, D ǝ IH, s, 
wretch, R EH1 CH , s, 
the, DH AH0 , s, 
curse, K ɐ : R S, s, 
of, AH1 V , s, 
her, HH ER1 , s, 
that, DH AE1 T , s, 
bare, B AA : R, s, 
thee, DH IY1 , s, 
and, AH0 N D , s, 
as, AE1 Z , s, 
i, AY1 , s, 
thrust, TH r ɤ S T, s, 
thy, DH AY1 , s, 
body, B AA1 D IY0 , s, 
in, IH N, s, 
with, W IH1 DH , s, 
my, M AY1 , s, 
sword, S AO1 R D , s, 
so, S OW :, s, 
wish, W IH1 SH , s, 
i, AY1 , s, 
i, AY1 , s, 
might, M ǝ IH T, s, 
thrust, TH r ɤ S T, s, 
thy, DH AY1 , s, 
soul, S OW1 L , s, 
to, T UW1 , s, 
hell, e L, s, 
hence, HH EH1 N S , s, 
will, W IH1 L , s, 
i, AY1 , s, 
drag, D R AE1 G , s, 
thee, DH IY1 , s, 
headlong, HH EH1 D L AO2 NG , s, 
by, B AY1 , s, 
the, DH AH0 , s, 
heels, IY : L Z, s, 
unto, AH1 N T UW0 , s, 
a, AH0 , s, 
dunghill, ˈ D ɤ NG - ˌ IH L, s, 
which, ʍ IH T SH, s, 
shall, SH AE1 L , s, 
be, B IY1 , s, 
thy, DH AY1 , s, 
grave, G r EH: : V, s, 
and, AH0 N D , s, 
there, DH EH1 R , s, 
cut, K ɤ T, s, 
off, AO1 F , s, 
thy, DH AY1 , s, 
most, M OW : S T, s, 
ungracious, ɤ N ˈ G r EH: : S IH ǝ S, s, 
head, e D, s, 
which, ʍ IH T SH, s, 
i, AY1 , s, 
will, W IH1 L , s, 
bear, B EH: : R, s, 
in, IH N, s, 
triumph, ˈ T r ǝ IH ǝ M F, s, 
to, T UW1 , s, 
the, DH AH0 , s, 
king, K IH1 NG , s, 
leaving, ˈ L IY : V IH N, s, 
thy, DH AY1 , s, 
trunk, T r ɤ NG K, s, 
for, F AO1 R , s, 
crows, K r OW : Z, s, 
to, T UW1 , s, 
feed, F IY1 D , s, 
upon, AH0 P AA1 N , s, 
if, IH1 F , s, 
one, W AH1 N , s, 
so, S OW :, s, 
rude, R UW1 D , s, 
and, AH0 N D , s, 
of, AH1 V , s, 
so, S OW :, s, 
mean, M IY1 N , s, 
condition, K AH0 N D IH1 SH AH0 N , s, 
may, M EH: :, s, 
pass, P AE1 S , s, 
into, IH1 N T UW0 , s, 
the, DH AH0 , s, 
presence, P R EH1 Z AH0 N S , s, 
of, AH1 V , s, 
a, AH0 , s, 
king, K IH1 NG , s, 
lo, L OW1 , s, 
i, AY1 , s, 
present, P r IH ˈ Z e N T, s, 
your, Y AO1 R , s, 
grace, G r EH: : S, s, 
a, AH0 , s, 
head, e D, s, 
the, DH AH0 , s, 
head, e D, s, 
of, AH1 V , s, 
cade, K EH: : D, s, 
whom, HH UW1 M , s, 
i, AY1 , s, 
in, IH N, s, 
combat, K AA1 M B AE0 T , s, 
slew, S L UW1 , s, 
i, AY1 , s, 
was, W AA1 Z , s, 
an, AE1 N , s, 
like, L ǝ IH K, s, 
your, Y AO1 R , s, 
majesty, M AE1 JH AH0 S T IY0 , s, 
alexander, AE2 L AH0 G Z AE1 N D ER0 , s, 
iden, ˈ ǝ IH D ǝ N, s, 
that's, DH AE1 T S , s, 
my, M AY1 , s, 
name, N EH: : M, s, 
a, AH0 , s, 
poor, P UW1 R , s, 
esquire, EH1 S K W AY2 R , s, 
of, AH1 V , s, 
kent, K EH1 N T , s, 
that, DH AE1 T , s, 
loves, L ɤ V Z, s, 
his, HH IH1 Z , s, 
king, K IH1 NG , s, 
may, M EH: :, s, 
iden, ˈ ǝ IH D ǝ N, s, 
live, L AY1 V , s, 
to, T UW1 , s, 
merit, M EH1 R AH0 T , s, 
such, S ɤ T SH, s, 
a, AH0 , s, 
bounty, ˈ B ə UH N T ə IH, s, 
and, AH0 N D , s, 
never, ˈ N e V ǝ R, s, 
live, L AY1 V , s, 
but, B AH1 T , s, 
true, T R UW1 , s, 
unto, AH1 N T UW0 , s, 
his, HH IH1 Z , s, 
liege, L IY1 JH , s, 
lord, L AO : R D, s, 
who, HH UW1 , s, 
would, W UH1 D , s, 
live, L AY1 V , s, 
in, IH N, s, 
the, DH AH0 , s, 
court, K AO : R T, s, 
and, AH0 N D , s, 
may, M EH: :, s, 
enjoy, EH0 N JH OY1 , s, 
such, S ɤ T SH, s, 
quiet, ˈ K W ǝ IH ǝ T, s, 
walks, W AO1 K S , s, 
as, AE1 Z , s, 
these, DH IY1 Z , s, 
this, DH IH1 S , s, 
small, S M AO1 L , s, 
inheritance, IH N ˈ e r IH ˌ T AW N S, s, 
my, M AY1 , s, 
father, F AA1 DH ER0 , s, 
left, L EH1 F T , s, 
me, M IY1 , s, 
contenteth, K ǝ N ˈ T e N T ǝ TH, s, 
me, M IY1 , s, 
and, AH0 N D , s, 
worth, W AO : R TH, s, 
a, AH0 , s, 
monarchy, ˈ M ɒ N ǝ R ˌ K ǝ IH, s, 
i, AY1 , s, 
seek, S IY1 K , s, 
not, N AA1 T , s, 
to, T UW1 , s, 
wax, W AE1 K S , s, 
great, G r e T, s, 
by, B AY1 , s, 
others', AH1 DH ER0 Z , s, 
waning, ˈ W EH: : N IH N, s, 
or, AO : R, s, 
gather, G AE1 DH ER0 , s, 
wealth, W EH1 L TH , s, 
i, AY1 , s, 
care, K EH: : R, s, 
not, N AA1 T , s, 
with, W IH1 DH , s, 
what, W AH1 T , s, 
envy, ˈ e N V ǝ IH, s, 
sufficeth, S ǝ ˈ F ǝ IH S ǝ TH, s, 
that, DH AE1 T , s, 
i, AY1 , s, 
have, HH AE1 V , s, 
maintains, M EY0 N T EY1 N Z , s, 
my, M AY1 , s, 
state, S T EY1 T , s, 
and, AH0 N D , s, 
sends, S EH1 N D Z , s, 
the, DH AH0 , s, 
poor, P UH1 R , s, 
well, W EH1 L , s, 
from, F R AH1 M , s, 
my, M AY1 , s, 
gate, G EH: : T, s, 
why, ʍ ǝ IH, s, 
rude, R UW1 D , s, 
companion, K AH0 M P AE1 N Y AH0 N , s, 
thou, DH AW1 , s, 
be, B IY1 , s, 
i, AY1 , s, 
know, N OW1 , s, 
thee, DH IY1 , s, 
not, N AA1 T , s, 
why, ʍ ǝ IH, s, 
then, DH EH1 N , s, 
should, SH UH1 D , s, 
i, AY1 , s, 
betray, B IH0 T R EY1 , s, 
thee, DH IY1 , s, 
is, IH1 Z , s, 
not, N AA1 T , s, 
enough, IH ˈ N ɤ F, s, 
to, T UW1 , s, 
break, B R EY1 K , s, 
into, IH0 N T UW1 , s, 
my, M AY1 , s, 
garden, ˈ G AA : R D ǝ N, s, 
and, AH0 N D , s, 
like, L ǝ IH K, s, 
a, AH0 , s, 
thief, TH IY1 F , s, 
to, T UW1 , s, 
come, K ɤ M, s, 
to, T UW1 , s, 
rob, R AA1 B , s, 
my, M AY1 , s, 
grounds, G r ǝ UH N D Z, s, 
climbing, K L AY1 M IH0 NG , s, 
my, M AY1 , s, 
walls, W AO1 L Z , s, 
in, IH N, s, 
spite, S P ǝ IH T, s, 
of, AH1 V , s, 
me, M IY1 , s, 
the, DH AH0 , s, 
owner, ˈ OW : N ǝ R, s, 
but, B AH1 T , s, 
thou, DH AW1 , s, 
wilt, W IH1 L T , s, 
brave, B r AW : V, s, 
me, M IY1 , s, 
with, W IH1 DH , s, 
these, DH IY1 Z , s, 
saucy, ˈ S AO : S ǝ IH, s, 
terms, T ɐ : R M Z, s, 
nay, N EH: :, s, 
it, IH1 T , s, 
shall, SH AE1 L , s, 
ne'er, N EH1 R , s, 
be, B IY1 , s, 
said, S EH1 D , s, 
while, W AY1 L , s, 
england, IH1 NG G L AH0 N D , s, 
stands, S T AE1 N D Z , s, 
that, DH AE1 T , s, 
alexander, AE2 L AH0 G Z AE1 N D ER0 , s, 
iden, ˈ ǝ IH D ǝ N, s, 
an, AE1 N , s, 
esquire, EH1 S K W AY2 R , s, 
of, AH1 V , s, 
kent, K EH1 N T , s, 
took, T UH1 K , s, 
odds, AA1 D Z , s, 
to, T UW1 , s, 
combat, K AA1 M B AE0 T , s, 
a, AH0 , s, 
poor, P UH1 R , s, 
man, M AE1 N , s, 
oppose, AH0 P OW1 Z , s, 
thy, DH AY1 , s, 
steadfast, S T EH1 D F AE2 S T , s, 
gazing, G EY1 Z IH0 NG , s, 
eyes, ǝ IH Z, s, 
to, T UW1 , s, 
mine, M ǝ IH N, s, 
see, S IY1 , s, 
if, IH1 F , s, 
thou, DH AW1 , s, 
me, M IY1 , s, 
with, W IH1 DH , s, 
thy, DH AY1 , s, 
looks, L UH1 K S , s, 
set, S EH1 T , s, 
limb, L IH1 M , s, 
to, T UW1 , s, 
limb, L IH1 M , s, 
and, AH0 N D , s, 
thou, DH AW1 , s, 
art, AA : R T, s, 
far, F AA1 R , s, 
the, DH AH0 , s, 
lesser, ˈ L e S ǝ R, s, 
thy, DH AY1 , s, 
hand, AW N D, s, 
is, IH1 Z , s, 
but, B AH1 T , s, 
a, AH0 , s, 
finger, F IH1 NG G ER0 , s, 
to, T UW1 , s, 
my, M AY1 , s, 
fist, F IH1 S T , s, 
thy, DH AY1 , s, 
leg, L EH1 G , s, 
a, AH0 , s, 
stick, S T IH1 K , s, 
with, W IH1 DH , s, 
this, DH IH1 S , s, 
truncheon, T R AH1 N CH IH0 N , s, 
my, M AY1 , s, 
foot, F UH1 T , s, 
shall, SH AE1 L , s, 
fight, F ǝ IH T, s, 
with, W IH1 DH , s, 
all, AA : L, s, 
the, DH AH0 , s, 
strength, S T R EH1 NG K TH , s, 
thou, DH AW1 , s, 
hast, HH AE1 S T , s, 
and, AH0 N D , s, 
if, IH1 F , s, 
mine, M ǝ IH N, s, 
arm, AA1 R M , s, 
be, B IY1 , s, 
in, IH N, s, 
the, DH AH0 , s, 
air, EH: R, s, 
thy, DH AY1 , s, 
grave, G r EH: : V, s, 
is, IH1 Z , s, 
digged, D IH G T, s, 
already, AA : L ˈ r e D ǝ IH, s, 
in, IH N, s, 
the, DH AH0 , s, 
earth, ER1 TH , s, 
as, AE1 Z , s, 
for, F AO1 R , s, 
words, W ER1 D Z , s, 
whose, HH UW1 Z , s, 
greatness, ˈ G r e T N ǝ S, s, 
answers, ˈ AW N S ǝ R Z, s, 
words, W ER1 D Z , s, 
let, L EH1 T , s, 
this, DH IH1 S , s, 
my, M AY1 , s, 
sword, S AO1 R D , s, 
report, r IH ˈ P AO : R T, s, 
what, W AH1 T , s, 
speech, S P IY1 CH , s, 
forbears, F ǝ R ˈ B EH: : R Z, s, 
is, IH1 Z , s, 
cade, K EH: : D, s, 
that, DH AE1 T , s, 
i, AY1 , s, 
have, HH AE1 V , s, 
slain, S L EH: : N, s, 
that, DH AE1 T , s, 
monstrous, ˈ M ɒ N S T r ǝ, s, 
traitor, T R EY1 T ER0 , s, 
sword, S AO1 R D , s, 
i, AY1 , s, 
will, W IH1 L , s, 
hallow, ˈ AA L ǝ, s, 
thee, DH IY1 , s, 
for, F AO1 R , s, 
this, DH IH1 S , s, 
thy, DH AY1 , s, 
deed, D IY1 D , s, 
and, AH0 N D , s, 
hang, AW NG, s, 
thee, DH IY1 , s, 
my, M AY1 , s, 
tomb, T UW1 M , s, 
when, ʍ e N, s, 
i, AY1 , s, 
am, AE1 M , s, 
dead, D EH1 D , s, 
ne'er, N EH1 R , s, 
shall, SH AE1 L , s, 
this, DH IH1 S , s, 
blood, B L AH1 D , s, 
be, B IY1 , s, 
from, F R AH1 M , s, 
thy, DH AY1 , s, 
point, P ǝ IH N T, s, 
but, B AH1 T , s, 
thou, DH AW1 , s, 
shalt, SH AE1 L T , s, 
wear, W EH: : R, s, 
it, IH1 T , s, 
as, AE1 Z , s, 
a, AH0 , s, 
herald's, HH EH1 R AH0 L D Z , s, 
coat, K OW1 T , s, 
to, T UW1 , s, 
emblaze, ˈ e M B L EH: : Z, s, 
the, DH AH0 , s, 
honor, AA1 N ER0 , s, 
that, DH AE1 T , s, 
thy, DH AY1 , s, 
master, ˈ M AW S T ǝ R, s, 
got, G AA1 T , s, 
how, HH AW1 , s, 
much, M ɤ T SH, s, 
thou, DH AW1 , s, 
me, M IY1 , s, 
heaven, HH EH1 V AH0 N , s, 
be, B IY1 , s, 
my, M AY1 , s, 
judge, JH AH1 JH , s, 
die, D ǝ IH, s, 
the, DH AH0 , s, 
curse, K ɐ : R S, s, 
of, AH1 V , s, 
her, HH ER0 , s, 
that, DH AE1 T , s, 
bare, B AA : R, s, 
thee, DH IY1 , s, 
and, AH0 N D , s, 
as, AE1 Z , s, 
i, AY1 , s, 
thrust, TH r ɤ S T, s, 
thy, DH AY1 , s, 
body, B AA1 D IY0 , s, 
in, IH N, s, 
with, W IH1 DH , s, 
my, M AY1 , s, 
sword, S AO1 R D , s, 
so, S OW :, s, 
wish, W IH1 SH , s, 
i, AY1 , s, 
i, AY1 , s, 
might, M ǝ IH T, s, 
thrust, TH r ɤ S T, s, 
thy, DH AY1 , s, 
soul, S OW1 L , s, 
to, T UW1 , s, 
hell, e L, s, 
hence, HH EH1 N S , s, 
will, W IH1 L , s, 
i, AY1 , s, 
drag, D R AE1 G , s, 
thee, DH IY1 , s, 
headlong, HH EH1 D L AO2 NG , s, 
by, B AY1 , s, 
the, DH AH0 , s, 
heels, IY : L Z, s, 
unto, AH1 N T UW0 , s, 
a, AH0 , s, 
dunghill, ˈ D ɤ NG - ˌ IH L, s, 
which, ʍ IH T SH, s, 
shall, SH AE1 L , s, 
be, B IY1 , s, 
thy, DH AY1 , s, 
grave, G r EH: : V, s, 
and, AH0 N D , s, 
there, DH EH1 R , s, 
cut, K ɤ T, s, 
off, AO1 F , s, 
thy, DH AY1 , s, 
most, M OW : S T, s, 
ungracious, ɤ N ˈ G r EH: : S IH ǝ S, s, 
head, e D, s, 
which, ʍ IH T SH, s, 
i, AY1 , s, 
will, W IH1 L , s, 
bear, B EH: : R, s, 
in, IH N, s, 
triumph, ˈ T r ǝ IH ǝ M F, s, 
to, T UW1 , s, 
the, DH AH0 , s, 
king, K IH1 NG , s, 
leaving, ˈ L IY : V IH N, s, 
thy, DH AY1 , s, 
trunk, T r ɤ NG K, s, 
for, F AO1 R , s, 
crows, K r OW : Z, s, 
to, T UW1 , s, 
feed, F IY1 D , s, 
upon, AH0 P AA1 N , s, 
if, IH1 F , s, 
one, W AH1 N , s, 
so, S OW :, s, 
rude, R UW1 D , s, 
and, AH0 N D , s, 
of, AH1 V , s, 
so, S OW :, s, 
mean, M IY1 N , s, 
condition, K AH0 N D IH1 SH AH0 N , s, 
may, M EH: :, s, 
pass, P AE1 S , s, 
into, IH0 N T UW1 , s, 
the, DH AH0 , s, 
presence, P R EH1 Z AH0 N S , s, 
of, AH1 V , s, 
a, AH0 , s, 
king, K IH1 NG , s, 
lo, L OW1 , s, 
i, AY1 , s, 
present, P r IH ˈ Z e N T, s, 
your, Y AO1 R , s, 
grace, G r EH: : S, s, 
a, AH0 , s, 
head, e D, s, 
the, DH AH0 , s, 
head, e D, s, 
of, AH1 V , s, 
cade, K EH: : D, s, 
whom, HH UW1 M , s, 
i, AY1 , s, 
in, IH N, s, 
combat, K AA1 M B AE0 T , s, 
slew, S L UW1 , s, 
i, AY1 , s, 
was, W AA1 Z , s, 
an, AE1 N , s, 
like, L ǝ IH K, s, 
your, Y AO1 R , s, 
majesty, M AE1 JH AH0 S T IY0 , s, 
alexander, AE2 L AH0 G Z AE1 N D ER0 , s, 
iden, ˈ ǝ IH D ǝ N, s, 
that's, DH AE1 T S , s, 
my, M AY1 , s, 
name, N EH: : M, s, 
a, AH0 , s, 
poor, P UH1 R , s, 
esquire, EH1 S K W AY2 R , s, 
of, AH1 V , s, 
kent, K EH1 N T , s, 
that, DH AE1 T , s, 
loves, L ɤ V Z, s, 
his, HH IH1 Z , s, 
king, K IH1 NG , s, 
may, M EH: :, s, 
iden, ˈ ǝ IH D ǝ N, s, 
live, L AY1 V , s, 
to, T UW1 , s, 
merit, M EH1 R AH0 T , s, 
such, S ɤ T SH, s, 
a, AH0 , s, 
bounty, ˈ B ə UH N T ə IH, s, 
and, AH0 N D , s, 
never, ˈ N e V ǝ R, s, 
live, L AY1 V , s, 
but, B AH1 T , s, 
true, T R UW1 , s, 
unto, AH1 N T UW0 , s, 
his, HH IH1 Z , s, 
liege, L IY1 JH , s, 
lord, L AO : R D, s, 
who, HH UW1 , s, 
would, W UH1 D , s, 
live, L AY1 V , s, 
in, IH N, s, 
the, DH AH0 , s, 
court, K AO : R T, s, 
and, AH0 N D , s, 
may, M EH: :, s, 
enjoy, EH0 N JH OY1 , s, 
such, S ɤ T SH, s, 
quiet, ˈ K W ǝ IH ǝ T, s, 
walks, W AO1 K S , s, 
as, AE1 Z , s, 
these, DH IY1 Z , s, 
this, DH IH1 S , s, 
small, S M AO1 L , s, 
inheritance, IH N ˈ e r IH ˌ T AW N S, s, 
my, M AY1 , s, 
father, F AA1 DH ER0 , s, 
left, L EH1 F T , s, 
me, M IY1 , s, 
contenteth, K ǝ N ˈ T e N T ǝ TH, s, 
me, M IY1 , s, 
and, AH0 N D , s, 
worth, W AO : R TH, s, 
a, AH0 , s, 
monarchy, ˈ M ɒ N ǝ R ˌ K ǝ IH, s, 
i, AY1 , s, 
seek, S IY1 K , s, 
not, N AA1 T , s, 
to, T UW1 , s, 
wax, W AE1 K S , s, 
great, G r e T, s, 
by, B AY1 , s, 
others', AH1 DH ER0 Z , s, 
waning, ˈ W EH: : N IH N, s, 
or, AO : R, s, 
gather, G AE1 DH ER0 , s, 
wealth, W EH1 L TH , s, 
i, AY1 , s, 
care, K EH: : R, s, 
not, N AA1 T , s, 
with, W IH1 DH , s, 
what, W AH1 T , s, 
envy, ˈ e N V ǝ IH, s, 
sufficeth, S ǝ ˈ F ǝ IH S ǝ TH, s, 
that, DH AE1 T , s, 
i, AY1 , s, 
have, HH AE1 V , s, 
maintains, M EY0 N T EY1 N Z , s, 
my, M AY1 , s, 
state, S T EY1 T , s, 
and, AH0 N D , s, 
sends, S EH1 N D Z , s, 
the, DH AH0 , s, 
poor, P UH1 R , s, 
well, W EH1 L , s, 
from, F R AH1 M , s, 
my, M AY1 , s, 
gate, G EH: : T, s, 
why, ʍ ǝ IH, s, 
rude, R UW1 D , s, 
companion, K AH0 M P AE1 N Y AH0 N , s, 
thou, DH AW1 , s, 
be, B IY1 , s, 
i, AY1 , s, 
know, N OW1 , s, 
thee, DH IY1 , s, 
not, N AA1 T , s, 
why, ʍ ǝ IH, s, 
then, DH EH1 N , s, 
should, SH UH1 D , s, 
i, AY1 , s, 
betray, B IH0 T R EY1 , s, 
thee, DH IY1 , s, 
is, IH1 Z , s, 
not, N AA1 T , s, 
enough, IH ˈ N ɤ F, s, 
to, T UW1 , s, 
break, B R EY1 K , s, 
into, IH0 N T UW1 , s, 
my, M AY1 , s, 
garden, ˈ G AA : R D ǝ N, s, 
and, AH0 N D , s, 
like, L ǝ IH K, s, 
a, AH0 , s, 
thief, TH IY1 F , s, 
to, T UW1 , s, 
come, K ɤ M, s, 
to, T UW1 , s, 
rob, R AA1 B , s, 
my, M AY1 , s, 
grounds, G r ǝ UH N D Z, s, 
climbing, K L AY1 M IH0 NG , s, 
my, M AY1 , s, 
walls, W AO1 L Z , s, 
in, IH N, s, 
spite, S P ǝ IH T, s, 
of, AH1 V , s, 
me, M IY1 , s, 
the, DH AH0 , s, 
owner, ˈ OW : N ǝ R, s, 
but, B AH1 T , s, 
thou, DH AW1 , s, 
wilt, W IH1 L T , s, 
brave, B r AW : V, s, 
me, M IY1 , s, 
with, W IH1 DH , s, 
these, DH IY1 Z , s, 
saucy, ˈ S AO : S ǝ IH, s, 
terms, T ɐ : R M Z, s, 
nay, N EH: :, s, 
it, IH1 T , s, 
shall, SH AE1 L , s, 
ne'er, N EH1 R , s, 
be, B IY1 , s, 
said, S EH1 D , s, 
while, W AY1 L , s, 
england, IH1 NG G L AH0 N D , s, 
stands, S T AE1 N D Z , s, 
that, DH AE1 T , s, 
alexander, AE2 L AH0 G Z AE1 N D ER0 , s, 
iden, ˈ ǝ IH D ǝ N, s, 
an, AE1 N , s, 
esquire, EH1 S K W AY2 R , s, 
of, AH1 V , s, 
kent, K EH1 N T , s, 
took, T UH1 K , s, 
odds, AA1 D Z , s, 
to, T UW1 , s, 
combat, K AA1 M B AE0 T , s, 
a, AH0 , s, 
poor, P UH1 R , s, 
man, M AE1 N , s, 
oppose, AH0 P OW1 Z , s, 
thy, DH AY1 , s, 
steadfast, S T EH1 D F AE2 S T , s, 
gazing, G EY1 Z IH0 NG , s, 
eyes, ǝ IH Z, s, 
to, T UW1 , s, 
mine, M ǝ IH N, s, 
see, S IY1 , s, 
if, IH1 F , s, 
thou, DH AW1 , s, 
me, M IY1 , s, 
with, W IH1 DH , s, 
thy, DH AY1 , s, 
looks, L UH1 K S , s, 
set, S EH1 T , s, 
limb, L IH1 M , s, 
to, T UW1 , s, 
limb, L IH1 M , s, 
and, AH0 N D , s, 
thou, DH AW1 , s, 
art, AA : R T, s, 
far, F AA1 R , s, 
the, DH AH0 , s, 
lesser, ˈ L e S ǝ R, s, 
thy, DH AY1 , s, 
hand, AW N D, s, 
is, IH1 Z , s, 
but, B AH1 T , s, 
a, AH0 , s, 
finger, F IH1 NG G ER0 , s, 
to, T UW1 , s, 
my, M AY1 , s, 
fist, F IH1 S T , s, 
thy, DH AY1 , s, 
leg, L EH1 G , s, 
a, AH0 , s, 
stick, S T IH1 K , s, 
with, W IH1 DH , s, 
this, DH IH1 S , s, 
truncheon, T R AH1 N CH IH0 N , s, 
my, M AY1 , s, 
foot, F UH1 T , s, 
shall, SH AE1 L , s, 
fight, F ǝ IH T, s, 
with, W IH1 DH , s, 
all, AA : L, s, 
the, DH AH0 , s, 
strength, S T R EH1 NG K TH , s, 
thou, DH AW1 , s, 
hast, HH AE1 S T , s, 
and, AH0 N D , s, 
if, IH1 F , s, 
mine, M ǝ IH N, s, 
arm, AA1 R M , s, 
be, B IY1 , s, 
in, IH N, s, 
the, DH AH0 , s, 
air, EH: R, s, 
thy, DH AY1 , s, 
grave, G r EH: : V, s, 
is, IH1 Z , s, 
digged, D IH G T, s, 
already, AA : L ˈ r e D ǝ IH, s, 
in, IH N, s, 
the, DH AH0 , s, 
earth, ER1 TH , s, 
as, AE1 Z , s, 
for, F AO1 R , s, 
words, W ER1 D Z , s, 
whose, HH UW1 Z , s, 
greatness, ˈ G r e T N ǝ S, s, 
answers, ˈ AW N S ǝ R Z, s, 
words, W ER1 D Z , s, 
let, L EH1 T , s, 
this, DH IH1 S , s, 
my, M AY1 , s, 
sword, S AO1 R D , s, 
report, r IH ˈ P AO : R T, s, 
what, W AH1 T , s, 
speech, S P IY1 CH , s, 
forbears, F ǝ R ˈ B EH: : R Z, s, 
is, IH1 Z , s, 
cade, K EH: : D, s, 
that, DH AE1 T , s, 
i, AY1 , s, 
have, HH AE1 V , s, 
slain, S L EH: : N, s, 
that, DH AE1 T , s, 
monstrous, ˈ M ɒ N S T r ǝ, s, 
traitor, T R EY1 T ER0 , s, 
sword, S AO1 R D , s, 
i, AY1 , s, 
will, W IH1 L , s, 
hallow, ˈ AA L ǝ, s, 
thee, DH IY1 , s, 
for, F AO1 R , s, 
this, DH IH1 S , s, 
thy, DH AY1 , s, 
deed, D IY1 D , s, 
and, AH0 N D , s, 
hang, AW NG, s, 
thee, DH IY1 , s, 
my, M AY1 , s, 
tomb, T UW1 M , s, 
when, ʍ e N, s, 
i, AY1 , s, 
am, AE1 M , s, 
dead, D EH1 D , s, 
ne'er, N EH1 R , s, 
shall, SH AE1 L , s, 
this, DH IH1 S , s, 
blood, B L AH1 D , s, 
be, B IY1 , s, 
from, F R AH1 M , s, 
thy, DH AY1 , s, 
point, P ǝ IH N T, s, 
but, B AH1 T , s, 
thou, DH AW1 , s, 
shalt, SH AE1 L T , s, 
wear, W EH: : R, s, 
it, IH1 T , s, 
as, AE1 Z , s, 
a, AH0 , s, 
herald's, HH EH1 R AH0 L D Z , s, 
coat, K OW1 T , s, 
to, T UW1 , s, 
emblaze, ˈ e M B L EH: : Z, s, 
the, DH AH0 , s, 
honor, AA1 N ER0 , s, 
that, DH AE1 T , s, 
thy, DH AY1 , s, 
master, ˈ M AW S T ǝ R, s, 
got, G AA1 T , s, 
how, HH AW1 , s, 
much, M ɤ T SH, s, 
thou, DH AW1 , s, 
me, M IY1 , s, 
heaven, HH EH1 V AH0 N , s, 
be, B IY1 , s, 
my, M AY1 , s, 
judge, JH AH1 JH , s, 
die, D ǝ IH, s, 
the, DH AH0 , s, 
curse, K ɐ : R S, s, 
of, AH1 V , s, 
her, HH ER0 , s, 
that, DH AE1 T , s, 
bare, B AA : R, s, 
thee, DH IY1 , s, 
and, AH0 N D , s, 
as, AE1 Z , s, 
i, AY1 , s, 
thrust, TH r ɤ S T, s, 
thy, DH AY1 , s, 
body, B AA1 D IY0 , s, 
in, IH N, s, 
with, W IH1 DH , s, 
my, M AY1 , s, 
sword, S AO1 R D , s, 
so, S OW :, s, 
wish, W IH1 SH , s, 
i, AY1 , s, 
i, AY1 , s, 
might, M ǝ IH T, s, 
thrust, TH r ɤ S T, s, 
thy, DH AY1 , s, 
soul, S OW1 L , s, 
to, T UW1 , s, 
hell, e L, s, 
hence, HH EH1 N S , s, 
will, W IH1 L , s, 
i, AY1 , s, 
drag, D R AE1 G , s, 
thee, DH IY1 , s, 
headlong, HH EH1 D L AO2 NG , s, 
by, B AY1 , s, 
the, DH AH0 , s, 
heels, IY : L Z, s, 
unto, AH1 N T UW0 , s, 
a, AH0 , s, 
dunghill, ˈ D ɤ NG - ˌ IH L, s, 
which, ʍ IH T SH, s, 
shall, SH AE1 L , s, 
be, B IY1 , s, 
thy, DH AY1 , s, 
grave, G r EH: : V, s, 
and, AH0 N D , s, 
there, DH EH1 R , s, 
cut, K ɤ T, s, 
off, AO1 F , s, 
thy, DH AY1 , s, 
most, M OW : S T, s, 
ungracious, ɤ N ˈ G r EH: : S IH ǝ S, s, 
head, e D, s, 
which, ʍ IH T SH, s, 
i, AY1 , s, 
will, W IH1 L , s, 
bear, B EH: : R, s, 
in, IH N, s, 
triumph, ˈ T r ǝ IH ǝ M F, s, 
to, T UW1 , s, 
the, DH AH0 , s, 
king, K IH1 NG , s, 
leaving, ˈ L IY : V IH N, s, 
thy, DH AY1 , s, 
trunk, T r ɤ NG K, s, 
for, F AO1 R , s, 
crows, K r OW : Z, s, 
to, T UW1 , s, 
feed, F IY1 D , s, 
upon, AH0 P AA1 N , s, 
if, IH1 F , s, 
one, W AH1 N , s, 
so, S OW :, s, 
rude, R UW1 D , s, 
and, AH0 N D , s, 
of, AH1 V , s, 
so, S OW :, s, 
mean, M IY1 N , s, 
condition, K AH0 N D IH1 SH AH0 N , s, 
may, M EH: :, s, 
pass, P AE1 S , s, 
into, IH0 N T UW1 , s, 
the, DH AH0 , s, 
presence, P R EH1 Z AH0 N S , s, 
of, AH1 V , s, 
a, AH0 , s, 
king, K IH1 NG , s, 
lo, L OW1 , s, 
i, AY1 , s, 
present, P r IH ˈ Z e N T, s, 
your, Y AO1 R , s, 
grace, G r EH: : S, s, 
a, AH0 , s, 
head, e D, s, 
the, DH AH0 , s, 
head, e D, s, 
of, AH1 V , s, 
cade, K EH: : D, s, 
whom, HH UW1 M , s, 
i, AY1 , s, 
in, IH N, s, 
combat, K AA1 M B AE0 T , s, 
slew, S L UW1 , s, 
i, AY1 , s, 
was, W AA1 Z , s, 
an, AE1 N , s, 
like, L ǝ IH K, s, 
your, Y AO1 R , s, 
majesty, M AE1 JH AH0 S T IY0 , s, 
alexander, AE2 L AH0 G Z AE1 N D ER0 , s, 
iden, ˈ ǝ IH D ǝ N, s, 
that's, DH AE1 T S , s, 
my, M AY1 , s, 
name, N EH: : M, s, 
a, AH0 , s, 
poor, P UH1 R , s, 
esquire, EH1 S K W AY2 R , s, 
of, AH1 V , s, 
kent, K EH1 N T , s, 
that, DH AE1 T , s, 
loves, L ɤ V Z, s, 
his, HH IH1 Z , s, 
king, K IH1 NG , s, 
may, M EH: :, s, 
iden, ˈ ǝ IH D ǝ N, s, 
live, L AY1 V , s, 
to, T UW1 , s, 
merit, M EH1 R AH0 T , s, 
such, S ɤ T SH, s, 
a, AH0 , s, 
bounty, ˈ B ə UH N T ə IH, s, 
and, AH0 N D , s, 
never, ˈ N e V ǝ R, s, 
live, L AY1 V , s, 
but, B AH1 T , s, 
true, T R UW1 , s, 
unto, AH1 N T UW0 , s, 
his, HH IH1 Z , s, 
liege, L IY1 JH , s, 
