o, OW :, s, 
god, G AA1 D , s, 
save, EH: : V, s, 
you, Y UW1 , s, 
to, T UW1 , s, 
the, DH AH0 , s, 
hall, AA : L, s, 
to, T UW1 , s, 
hear, IY : R, s, 
what, W AH1 T , s, 
shall, SH AE1 L , s, 
become, B IH ˈ K ɤ M, s, 
of, AH1 V , s, 
the, DH AH0 , s, 
great, G r e T, s, 
duke, D UW1 K , s, 
of, AH1 V , s, 
buckingham, B AH1 K IH0 NG HH AE2 M , s, 
were, W ER1 , s, 
you, Y UW1 , s, 
there, DH EH1 R , s, 
pray, P r EH: :, s, 
speak, S P IY : K, s, 
what, W AH1 T , s, 
has, AW Z, s, 
happened, HH AE1 P AH0 N D , s, 
is, IH1 Z , s, 
he, HH IY1 , s, 
found, F ǝ UH N D, s, 
guilty, G IH1 L T IY0 , s, 
i, AY1 , s, 
am, AE1 M , s, 
sorry, S AA1 R IY0 , s, 
for, F AO1 R , s, 
but, B AH1 T , s, 
pray, P r EH: :, s, 
how, HH AW1 , s, 
passed, ˈ P AW S IH D, s, 
it, IH1 T , s, 
that, DH AE1 T , s, 
was, W AA1 Z , s, 
he, HH IY1 , s, 
that, DH AE1 T , s, 
fed, F EH1 D , s, 
him, HH IH1 M , s, 
with, W IH1 DH , s, 
his, HH IH1 Z , s, 
prophecies, P R AA1 F AH0 S IY0 Z , s, 
after, ˈ AW F T ǝ R, s, 
all, AA : L, s, 
this, DH IH1 S , s, 
how, HH AW1 , s, 
did, D IH1 D , s, 
he, HH IY1 , s, 
bear, B EH: : R, s, 
himself, HH IH0 M S EH1 L F , s, 
i, AY1 , s, 
do, D OW :, s, 
not, N AA1 T , s, 
think, TH IH1 NG K , s, 
he, HH IY1 , s, 
fears, F IY : R Z, s, 
death, D EH1 TH , s, 
certainly, S ER1 T AH0 N L IY0 , s, 
the, DH AH0 , s, 
cardinal, K AA1 R D AH0 N AH0 L , s, 
is, IH1 Z , s, 
the, DH AH0 , s, 
end, EH1 N D , s, 
of, AH1 V , s, 
this, DH IH1 S , s, 
that, DH AE1 T , s, 
trick, T R IH1 K , s, 
of, AH1 V , s, 
state, S T EY1 T , s, 
was, W AA1 Z , s, 
a, AH0 , s, 
deep, D IY1 P , s, 
envious, EH1 N V IY0 AH0 S , s, 
one, W AH1 N , s, 
all, AA : L, s, 
the, DH AH0 , s, 
commons, K AA1 M AH0 N Z , s, 
hate, HH EY1 T , s, 
him, HH IH1 M , s, 
perniciously, P ǝ R ˈ N IH S IH ǝ S ˌ L ǝ IH, s, 
and, AH0 N D , s, 
o', OW1 , s, 
my, M AY1 , s, 
conscience, ˈ K ɒ N S IH ǝ N S, s, 
wish, W IH1 SH , s, 
him, HH IH1 M , s, 
ten, T EH1 N , s, 
fathom, ˈ F AW D ǝ M, s, 
deep, D IY1 P , s, 
this, DH IH1 S , s, 
duke, D UW1 K , s, 
as, AE1 Z , s, 
much, M ɤ T SH, s, 
they, DH EY1 , s, 
love, L ɤ V, s, 
and, AH0 N D , s, 
dote, D OW1 T , s, 
on, AA1 N , s, 
call, K AO1 L , s, 
him, HH IH1 M , s, 
bounteous, ˈ B ə UH N T IH ə S, s, 
buckingham, B AH1 K IH0 NG HH AE2 M , s, 
the, DH AH0 , s, 
mirror, M IH1 R ER0 , s, 
of, AH1 V , s, 
all, AA : L, s, 
courtesy, K ER1 T AH0 S IY0 , s, 
let's, L EH1 T S , s, 
stand, S T AE1 N D , s, 
close, K L OW : Z, s, 
and, AH0 N D , s, 
behold, B IH0 HH OW1 L D , s, 
him, HH IH1 M , s, 
if, IH1 F , s, 
the, DH AH0 , s, 
duke, D UW1 K , s, 
be, B IY1 , s, 
guiltless, ˈ G IH L T L ǝ S, s, 
'tis, T IH1 Z , s, 
full, F UH1 L , s, 
of, AH1 V , s, 
woe, W OW1 , s, 
yet, Y EH1 T , s, 
i, AY1 , s, 
can, K AE1 N , s, 
give, G IH1 V , s, 
you, Y UW1 , s, 
inkling, IH1 NG K L IH0 NG , s, 
of, AH1 V , s, 
an, AE1 N , s, 
ensuing, e N ˈ S Y UW : IH N, s, 
evil, ˈ e V IH L, s, 
if, IH1 F , s, 
it, IH1 T , s, 
fall, F AA : L, s, 
greater, ˈ G r e T ǝ R, s, 
than, DH AE1 N , s, 
this, DH IH1 S , s, 
this, DH IH1 S , s, 
secret, S IY1 K R AH0 T , s, 
is, IH1 Z , s, 
so, S OW :, s, 
weighty, W EY1 T IY0 , s, 
require, R IY2 K W AY1 ER0 , s, 
a, AH0 , s, 
strong, S T R AO1 NG , s, 
faith, F EY1 TH , s, 
to, T UW1 , s, 
conceal, K AH0 N S IY1 L , s, 
it, IH1 T , s, 
i, AY1 , s, 
am, AE1 M , s, 
confident, K AA1 N F AH0 D AH0 N T , s, 
you, Y UW1 , s, 
shall, SH AE1 L , s, 
sir, S ER1 , s, 
did, D IH1 D , s, 
you, Y UW1 , s, 
not, N AA1 T , s, 
of, AH1 V , s, 
late, L EH: : T, s, 
days, D EY1 Z , s, 
hear, IY : R, s, 
a, AH0 , s, 
buzzing, ˈ B ɤ Z IH N, s, 
of, AH1 V , s, 
a, AH0 , s, 
separation, S EH2 P ER0 EY1 SH AH0 N , s, 
between, B IH0 T W IY1 N , s, 
the, DH AH0 , s, 
king, K IH1 NG , s, 
and, AH0 N D , s, 
katherine, K AE1 TH ER0 IH0 N , s, 
but, B AH1 T , s, 
that, DH AE1 T , s, 
slander, ˈ S L AO : N D ǝ R, s, 
sir, S ER1 , s, 
is, IH1 Z , s, 
found, F ǝ UH N D, s, 
a, AH0 , s, 
truth, T R UW1 TH , s, 
now, N AW1 , s, 
for, F AO1 R , s, 
it, IH1 T , s, 
grows, G r OW : Z, s, 
again, ǝ ˈ ɡ EH: : N, s, 
fresher, F R EH1 SH ER0 , s, 
than, DH AE1 N , s, 
it, IH1 T , s, 
was, W AA1 Z , s, 
and, AH0 N D , s, 
held, HH EH1 L D , s, 
for, F AO1 R , s, 
certain, ˈ S ɐ : R T ǝ N, s, 
the, DH AH0 , s, 
king, K IH1 NG , s, 
will, W IH1 L , s, 
venture, ˈ V e N T ǝ R, s, 
at, AE1 T , s, 
it, IH1 T , s, 
either, ˈ EH: DH ǝ R, s, 
the, DH AH0 , s, 
cardinal, K AA1 R D AH0 N AH0 L , s, 
or, AO : R, s, 
some, S AH1 M , s, 
about, ǝ ˈ B ǝ UH T, s, 
him, HH IH1 M , s, 
near, N IY : R, s, 
have, HH AE1 V , s, 
out, AW1 T , s, 
of, AH1 V , s, 
malice, M AE1 L AH0 S , s, 
to, T UW1 , s, 
the, DH AH0 , s, 
good, G UH1 D , s, 
queen, K W IY1 N , s, 
possessed, P AH0 Z EH1 S T , s, 
him, HH IH1 M , s, 
with, W IH1 DH , s, 
a, AH0 , s, 
scruple, S K R UW1 P AH0 L , s, 
that, DH AE1 T , s, 
will, W IH1 L , s, 
undo, AH0 N D UW1 , s, 
her, HH ER1 , s, 
to, T UW1 , s, 
confirm, K AH0 N F ER1 M , s, 
this, DH IH1 S , s, 
too, T UW1 , s, 
cardinal, K AA1 R D AH0 N AH0 L , s, 
campeius, K AW M ˈ P EH: : ǝ S, s, 
is, IH1 Z , s, 
arrived, ER0 AY1 V D , s, 
and, AH0 N D , s, 
lately, ˈ L EH: : T L ǝ IH, s, 
as, AE1 Z , s, 
all, AA : L, s, 
think, TH IH1 NG K , s, 
for, F AO1 R , s, 
this, DH IH1 S , s, 
business, B IH1 Z N AH0 S , s, 
i, AY1 , s, 
think, TH IH1 NG K , s, 
you, Y UW1 , s, 
have, HH AE1 V , s, 
hit, IH T, s, 
the, DH AH0 , s, 
mark, M AA : R K, s, 
but, B AH1 T , s, 
is, IH1 Z , s, 
not, N AA1 T , s, 
cruel, K R UW1 AH0 L , s, 
that, DH AE1 T , s, 
she, SH IY1 , s, 
should, SH UH1 D , s, 
feel, F IY1 L , s, 
the, DH AH0 , s, 
smart, S M AA : R T, s, 
of, AH1 V , s, 
this, DH IH1 S , s, 
the, DH AH0 , s, 
cardinal, K AA1 R D AH0 N AH0 L , s, 
will, W IH1 L , s, 
have, HH AE1 V , s, 
his, HH IH1 Z , s, 
will, W IH1 L , s, 
and, AH0 N D , s, 
she, SH IY1 , s, 
must, M AH1 S T , s, 
fall, F AA : L, s, 
so, S OW :, s, 
are, AA1 R , s, 
you, Y UW1 , s, 
'tis, T IH1 Z , s, 
all, AA : L, s, 
my, M AY1 , s, 
business, B IH1 Z N AH0 S , s, 
at, AE1 T , s, 
our, OW : R, s, 
last, L AE1 S T , s, 
encounter, e N ˈ K ǝ UH N T ǝ R, s, 
the, DH AH0 , s, 
duke, D UW1 K , s, 
of, AH1 V , s, 
buckingham, B AH1 K IH0 NG HH AE2 M , s, 
came, K EY1 M , s, 
from, F R AH1 M , s, 
his, HH IH1 Z , s, 
trial, ˈ T r ǝ IH AA L, s, 
'tis, T IH1 Z , s, 
well, W EH1 L , s, 
the, DH AH0 , s, 
citizens, S IH1 T AH0 Z AH0 N Z , s, 
i, AY1 , s, 
am, AE1 M , s, 
sure, SH UW : R, s, 
have, HH AE1 V , s, 
shown, SH OW1 N , s, 
at, AE1 T , s, 
full, F UH1 L , s, 
their, DH EH1 R , s, 
royal, ˈ r ǝ IH ǝ AA L, s, 
minds, M ǝ IH N D Z, s, 
as, AE1 Z , s, 
let, L EH1 T , s, 
'em, AH0 M , s, 
have, HH AE1 V , s, 
their, DH EH1 R , s, 
rights, R AY1 T S , s, 
they, DH EY1 , s, 
are, AA1 R , s, 
ever, EH1 V ER0 , s, 
forward, F AO1 R W ER0 D , s, 
in, IH N, s, 
celebration, ˌ S e L IH ˈ B r EH: : S IH ǝ N, s, 
of, AH1 V , s, 
this, DH IH1 S , s, 
day, D EY1 , s, 
with, W IH1 DH , s, 
shows, SH OW : Z, s, 
pageants, P AE1 JH AH0 N T S , s, 
and, AH0 N D , s, 
sights, S AY1 T S , s, 
of, AH1 V , s, 
honor, AA1 N ER0 , s, 
may, M EH: :, s, 
i, AY1 , s, 
be, B IY1 , s, 
bold, B OW : L D, s, 
to, T UW1 , s, 
ask, AW S K, s, 
what, W AH1 T , s, 
that, DH AE1 T , s, 
contains, K AH0 N T EY1 N Z , s, 
that, DH AE1 T , s, 
paper, ˈ P EH: : P ǝ R, s, 
in, IH N, s, 
your, Y AO1 R , s, 
hand, AW N D, s, 
i, AY1 , s, 
thank, TH AE1 NG K , s, 
you, Y UW1 , s, 
sir, S ER1 , s, 
had, HH AE1 D , s, 
i, AY1 , s, 
not, N AA1 T , s, 
known, N OW : N, s, 
those, DH OW1 Z , s, 
customs, K AH1 S T AH0 M Z , s, 
i, AY1 , s, 
should, SH UH1 D , s, 
have, HH AE1 V , s, 
been, B IH1 N , s, 
beholding, B IH0 HH OW1 L D IH0 NG , s, 
to, T UW1 , s, 
your, Y AO1 R , s, 
paper, ˈ P EH: : P ǝ R, s, 
but, B AH1 T , s, 
i, AY1 , s, 
beseech, B IY0 S IY1 CH , s, 
you, Y UW1 , s, 
what's, W AH1 T S , s, 
become, B IH ˈ K ɤ M, s, 
of, AH1 V , s, 
katherine, K AE1 TH ER0 IH0 N , s, 
the, DH AH0 , s, 
princess, P R IH1 N S EH0 S , s, 
dowager, D AW1 AH0 JH ER0 , s, 
how, HH AW1 , s, 
goes, G OW : Z, s, 
her, HH ER1 , s, 
business, B IH1 Z N AH0 S , s, 
alas, AH0 L AE1 S , s, 
good, G UH1 D , s, 
lady, L EY1 D IY0 , s, 
the, DH AH0 , s, 
trumpets, T R AH1 M P AH0 T S , s, 
sound, S ǝ UH N D, s, 
stand, S T AE1 N D , s, 
close, K L OW : Z, s, 
the, DH AH0 , s, 
queen, K W IY1 N , s, 
is, IH1 Z , s, 
coming, ˈ K ɤ M IH N, s, 
a, AH0 , s, 
royal, ˈ r ǝ IH ǝ AA L, s, 
train, T r EH: : N, s, 
believe, B IH0 L IY1 V , s, 
me, M IY1 , s, 
these, DH IY1 Z , s, 
i, AY1 , s, 
know, N OW1 , s, 
who's, HH UW1 Z , s, 
that, DH AE1 T , s, 
that, DH AE1 T , s, 
bears, B EH: : R Z, s, 
the, DH AH0 , s, 
a, AH0 , s, 
bold, B OW : L D, s, 
brave, B r AW : V, s, 
gentleman, JH EH1 N T AH0 L M AH0 N , s, 
that, DH AE1 T , s, 
should, SH UH1 D , s, 
be, B IY1 , s, 
the, DH AH0 , s, 
duke, D UW1 K , s, 
of, AH1 V , s, 
suffolk, S AH1 F AH0 K , s, 
and, AH0 N D , s, 
that, DH AE1 T , s, 
my, M AY1 , s, 
lord, L AO : R D, s, 
of, AH1 V , s, 
norfolk, N AO1 R F AH0 K , s, 
heaven, HH EH1 V AH0 N , s, 
bless, B L EH1 S , s, 
thee, DH IY1 , s, 
thou, DH AW1 , s, 
hast, HH AE1 S T , s, 
the, DH AH0 , s, 
sweetest, S W IY1 T AH0 S T , s, 
face, F EH: : S, s, 
i, AY1 , s, 
ever, EH1 V ER0 , s, 
looked, L UH K T, s, 
on, AA1 N , s, 
sir, S ER1 , s, 
as, AE1 Z , s, 
i, AY1 , s, 
have, HH AE1 V , s, 
a, AH0 , s, 
soul, S OW1 L , s, 
she, SH IY1 , s, 
is, IH1 Z , s, 
an, AE1 N , s, 
angel, EY1 N JH AH0 L , s, 
our, OW : R, s, 
king, K IH1 NG , s, 
has, AW Z, s, 
all, AA : L, s, 
the, DH AH0 , s, 
indies, IH1 N D IY0 Z , s, 
in, IH N, s, 
his, HH IH1 Z , s, 
arms, AA1 R M Z , s, 
and, AH0 N D , s, 
more, M AO1 R , s, 
and, AH0 N D , s, 
richer, R IH1 CH ER0 , s, 
when, ʍ e N, s, 
he, HH IY1 , s, 
strains, EH: : N Z, s, 
that, DH AE1 T , s, 
lady, L EY1 D IY0 , s, 
i, AY1 , s, 
cannot, K AE1 N AA0 T , s, 
blame, B L EH: : M, s, 
his, HH IH1 Z , s, 
conscience, ˈ K ɒ N S IH ǝ N S, s, 
those, DH OW1 Z , s, 
men, M EH1 N , s, 
are, AA1 R , s, 
happy, ˈ AW P ǝ IH, s, 
and, AH0 N D , s, 
so, S OW :, s, 
are, AA1 R , s, 
all, AA : L, s, 
are, AA1 R , s, 
near, N IY : R, s, 
her, HH ER1 , s, 
i, AY1 , s, 
take, T EY1 K , s, 
it, IH1 T , s, 
she, SH IY1 , s, 
that, DH AE1 T , s, 
carries, ˈ K AW r ǝ IH Z, s, 
up, AH1 P , s, 
the, DH AH0 , s, 
train, T r EH: : N, s, 
is, IH1 Z , s, 
that, DH AE1 T , s, 
old, OW : L D, s, 
noble, ˈ N OW : B ǝ L, s, 
lady, L EY1 D IY0 , s, 
duchess, D AH1 CH AH0 S , s, 
of, AH1 V , s, 
norfolk, N AO1 R F AH0 K , s, 
their, DH EH1 R , s, 
coronets, K AO1 R AH0 N EH1 T S , s, 
say, S EH: :, s, 
so, S OW :, s, 
these, DH IY1 Z , s, 
are, AA1 R , s, 
stars, S T AA : R Z, s, 
indeed, IH2 N D IY1 D , s, 
no, N OW :, s, 
more, M AO1 R , s, 
of, AH1 V , s, 
that, DH AE1 T , s, 
you, Y UW1 , s, 
saw, S AO1 , s, 
the, DH AH0 , s, 
ceremony, ˈ S e r IH ˌ M OW : N ǝ IH, s, 
good, G UH1 D , s, 
sir, S ER1 , s, 
speak, S P IY : K, s, 
it, IH1 T , s, 
to, T UW1 , s, 
us, AH1 S , s, 
but, B AH1 T , s, 
what, W AH1 T , s, 
followed, F AA1 L OW0 D , s, 
what, W AH1 T , s, 
two, T UW1 , s, 
reverend, R EH1 V ER0 AH0 N D , s, 
bishops, B IH1 SH AH0 P S , s, 
were, W ER1 , s, 
those, DH OW1 Z , s, 
that, DH AE1 T , s, 
went, W EH1 N T , s, 
on, AA1 N , s, 
each, IY1 CH , s, 
side, S AY1 D , s, 
of, AH1 V , s, 
the, DH AH0 , s, 
queen, K W IY1 N , s, 
he, HH IY1 , s, 
of, AH1 V , s, 
winchester, ˈ W IH N T SH e S T ǝ R, s, 
is, IH1 Z , s, 
held, HH EH1 L D , s, 
no, N OW :, s, 
great, G r e T, s, 
good, G UH1 D , s, 
lover, L AH1 V ER0 , s, 
of, AH1 V , s, 
the, DH AH0 , s, 
the, DH AH0 , s, 
virtuous, V ER1 CH UW0 AH0 S , s, 
cranmer, K R AE1 N M ER0 , s, 
who, HH UW1 , s, 
may, M EH: :, s, 
that, DH AE1 T , s, 
be, B IY1 , s, 
i, AY1 , s, 
pray, P r EH: :, s, 
you, Y UW1 , s, 
he, HH IY1 , s, 
will, W IH1 L , s, 
deserve, D IH ˈ Z ɐ : R V, s, 
more, M AO1 R , s, 
you, Y UW1 , s, 
may, M EH: :, s, 
command, K ǝ ˈ M AW N D, s, 
us, AH1 S , s, 
sir, S ER1 , s, 
o, OW :, s, 
god, G AA1 D , s, 
save, EH: : V, s, 
you, Y UW1 , s, 
to, T UW1 , s, 
the, DH AH0 , s, 
hall, AA : L, s, 
to, T UW1 , s, 
hear, IY : R, s, 
what, W AH1 T , s, 
shall, SH AE1 L , s, 
become, B IH ˈ K ɤ M, s, 
of, AH1 V , s, 
the, DH AH0 , s, 
great, G r e T, s, 
duke, D UW1 K , s, 
of, AH1 V , s, 
buckingham, B AH1 K IH0 NG HH AE2 M , s, 
were, W ER0 , s, 
you, Y UW1 , s, 
there, DH EH1 R , s, 
pray, P r EH: :, s, 
speak, S P IY : K, s, 
what, W AH1 T , s, 
has, AW Z, s, 
happened, HH AE1 P AH0 N D , s, 
is, IH1 Z , s, 
he, HH IY1 , s, 
found, F ǝ UH N D, s, 
guilty, G IH1 L T IY0 , s, 
i, AY1 , s, 
am, AE1 M , s, 
sorry, S AA1 R IY0 , s, 
for, F AO1 R , s, 
but, B AH1 T , s, 
pray, P r EH: :, s, 
how, HH AW1 , s, 
passed, ˈ P AW S IH D, s, 
it, IH1 T , s, 
that, DH AE1 T , s, 
was, W AA1 Z , s, 
he, HH IY1 , s, 
that, DH AE1 T , s, 
fed, F EH1 D , s, 
him, HH IH1 M , s, 
with, W IH1 DH , s, 
his, HH IH1 Z , s, 
prophecies, P R AA1 F AH0 S IY0 Z , s, 
after, ˈ AW F T ǝ R, s, 
all, AA : L, s, 
this, DH IH1 S , s, 
how, HH AW1 , s, 
did, D IH1 D , s, 
he, HH IY1 , s, 
bear, B EH: : R, s, 
himself, HH IH0 M S EH1 L F , s, 
i, AY1 , s, 
do, D OW :, s, 
not, N AA1 T , s, 
think, TH IH1 NG K , s, 
he, HH IY1 , s, 
fears, F IY : R Z, s, 
death, D EH1 TH , s, 
certainly, S ER1 T AH0 N L IY0 , s, 
the, DH AH0 , s, 
cardinal, K AA1 R D AH0 N AH0 L , s, 
is, IH1 Z , s, 
the, DH AH0 , s, 
end, EH1 N D , s, 
of, AH1 V , s, 
this, DH IH1 S , s, 
that, DH AE1 T , s, 
trick, T R IH1 K , s, 
of, AH1 V , s, 
state, S T EY1 T , s, 
was, W AA1 Z , s, 
a, AH0 , s, 
deep, D IY1 P , s, 
envious, EH1 N V IY0 AH0 S , s, 
one, W AH1 N , s, 
all, AA : L, s, 
the, DH AH0 , s, 
commons, K AA1 M AH0 N Z , s, 
hate, HH EY1 T , s, 
him, HH IH1 M , s, 
perniciously, P ǝ R ˈ N IH S IH ǝ S ˌ L ǝ IH, s, 
and, AH0 N D , s, 
o', OW1 , s, 
my, M AY1 , s, 
conscience, ˈ K ɒ N S IH ǝ N S, s, 
wish, W IH1 SH , s, 
him, HH IH1 M , s, 
ten, T EH1 N , s, 
fathom, ˈ F AW D ǝ M, s, 
deep, D IY1 P , s, 
this, DH IH1 S , s, 
duke, D UW1 K , s, 
as, AE1 Z , s, 
much, M ɤ T SH, s, 
they, DH EY1 , s, 
love, L ɤ V, s, 
and, AH0 N D , s, 
dote, D OW1 T , s, 
on, AA1 N , s, 
call, K AO1 L , s, 
him, HH IH1 M , s, 
bounteous, ˈ B ə UH N T IH ə S, s, 
buckingham, B AH1 K IH0 NG HH AE2 M , s, 
the, DH AH0 , s, 
mirror, M IH1 R ER0 , s, 
of, AH1 V , s, 
all, AA : L, s, 
courtesy, K ER1 T AH0 S IY0 , s, 
let's, L EH1 T S , s, 
stand, S T AE1 N D , s, 
close, K L OW : Z, s, 
and, AH0 N D , s, 
behold, B IH0 HH OW1 L D , s, 
him, HH IH1 M , s, 
if, IH1 F , s, 
the, DH AH0 , s, 
duke, D UW1 K , s, 
be, B IY1 , s, 
guiltless, ˈ G IH L T L ǝ S, s, 
'tis, T IH1 Z , s, 
full, F UH1 L , s, 
of, AH1 V , s, 
woe, W OW1 , s, 
yet, Y EH1 T , s, 
i, AY1 , s, 
can, K AE1 N , s, 
give, G IH1 V , s, 
you, Y UW1 , s, 
inkling, IH1 NG K L IH0 NG , s, 
of, AH1 V , s, 
an, AE1 N , s, 
ensuing, e N ˈ S Y UW : IH N, s, 
evil, ˈ e V IH L, s, 
if, IH1 F , s, 
it, IH1 T , s, 
fall, F AA : L, s, 
greater, ˈ G r e T ǝ R, s, 
than, DH AE1 N , s, 
this, DH IH1 S , s, 
this, DH IH1 S , s, 
secret, S IY1 K R AH0 T , s, 
is, IH1 Z , s, 
so, S OW :, s, 
weighty, W EY1 T IY0 , s, 
require, R IY2 K W AY1 ER0 , s, 
a, AH0 , s, 
strong, S T R AO1 NG , s, 
faith, F EY1 TH , s, 
to, T UW1 , s, 
conceal, K AH0 N S IY1 L , s, 
it, IH1 T , s, 
i, AY1 , s, 
am, AE1 M , s, 
confident, K AA1 N F AH0 D AH0 N T , s, 
you, Y UW1 , s, 
shall, SH AE1 L , s, 
sir, S ER1 , s, 
did, D IH1 D , s, 
you, Y UW1 , s, 
not, N AA1 T , s, 
of, AH1 V , s, 
late, L EH: : T, s, 
days, D EY1 Z , s, 
hear, IY : R, s, 
a, AH0 , s, 
buzzing, ˈ B ɤ Z IH N, s, 
of, AH1 V , s, 
a, AH0 , s, 
separation, S EH2 P ER0 EY1 SH AH0 N , s, 
between, B IH0 T W IY1 N , s, 
the, DH AH0 , s, 
king, K IH1 NG , s, 
and, AH0 N D , s, 
katherine, K AE1 TH ER0 IH0 N , s, 
but, B AH1 T , s, 
that, DH AE1 T , s, 
slander, ˈ S L AO : N D ǝ R, s, 
sir, S ER1 , s, 
is, IH1 Z , s, 
found, F ǝ UH N D, s, 
a, AH0 , s, 
truth, T R UW1 TH , s, 
now, N AW1 , s, 
for, F AO1 R , s, 
it, IH1 T , s, 
grows, G r OW : Z, s, 
again, ǝ ˈ ɡ EH: : N, s, 
fresher, F R EH1 SH ER0 , s, 
than, DH AE1 N , s, 
it, IH1 T , s, 
was, W AA1 Z , s, 
and, AH0 N D , s, 
held, HH EH1 L D , s, 
for, F AO1 R , s, 
certain, ˈ S ɐ : R T ǝ N, s, 
the, DH AH0 , s, 
king, K IH1 NG , s, 
will, W IH1 L , s, 
venture, ˈ V e N T ǝ R, s, 
at, AE1 T , s, 
it, IH1 T , s, 
either, ˈ EH: DH ǝ R, s, 
the, DH AH0 , s, 
cardinal, K AA1 R D AH0 N AH0 L , s, 
or, AO : R, s, 
some, S AH1 M , s, 
about, ǝ ˈ B ǝ UH T, s, 
him, HH IH1 M , s, 
near, N IY : R, s, 
have, HH AE1 V , s, 
out, AW1 T , s, 
of, AH1 V , s, 
malice, M AE1 L AH0 S , s, 
to, T UW1 , s, 
the, DH AH0 , s, 
good, G UH1 D , s, 
queen, K W IY1 N , s, 
possessed, P AH0 Z EH1 S T , s, 
him, HH IH1 M , s, 
with, W IH1 DH , s, 
a, AH0 , s, 
scruple, S K R UW1 P AH0 L , s, 
that, DH AE1 T , s, 
will, W IH1 L , s, 
undo, AH0 N D UW1 , s, 
her, HH ER0 , s, 
to, T UW1 , s, 
confirm, K AH0 N F ER1 M , s, 
this, DH IH1 S , s, 
too, T UW1 , s, 
cardinal, K AA1 R D AH0 N AH0 L , s, 
campeius, K AW M ˈ P EH: : ǝ S, s, 
is, IH1 Z , s, 
arrived, ER0 AY1 V D , s, 
and, AH0 N D , s, 
lately, ˈ L EH: : T L ǝ IH, s, 
as, AE1 Z , s, 
all, AA : L, s, 
think, TH IH1 NG K , s, 
for, F AO1 R , s, 
this, DH IH1 S , s, 
business, B IH1 Z N AH0 S , s, 
i, AY1 , s, 
think, TH IH1 NG K , s, 
you, Y UW1 , s, 
have, HH AE1 V , s, 
hit, IH T, s, 
the, DH AH0 , s, 
mark, M AA : R K, s, 
but, B AH1 T , s, 
is, IH1 Z , s, 
not, N AA1 T , s, 
cruel, K R UW1 AH0 L , s, 
that, DH AE1 T , s, 
she, SH IY1 , s, 
should, SH UH1 D , s, 
feel, F IY1 L , s, 
the, DH AH0 , s, 
smart, S M AA : R T, s, 
of, AH1 V , s, 
this, DH IH1 S , s, 
the, DH AH0 , s, 
cardinal, K AA1 R D AH0 N AH0 L , s, 
will, W IH1 L , s, 
have, HH AE1 V , s, 
his, HH IH1 Z , s, 
will, W IH1 L , s, 
and, AH0 N D , s, 
she, SH IY1 , s, 
must, M AH1 S T , s, 
fall, F AA : L, s, 
so, S OW :, s, 
are, AA1 R , s, 
you, Y UW1 , s, 
'tis, T IH1 Z , s, 
all, AA : L, s, 
my, M AY1 , s, 
business, B IH1 Z N AH0 S , s, 
at, AE1 T , s, 
our, OW : R, s, 
last, L AE1 S T , s, 
encounter, e N ˈ K ǝ UH N T ǝ R, s, 
the, DH AH0 , s, 
duke, D UW1 K , s, 
of, AH1 V , s, 
buckingham, B AH1 K IH0 NG HH AE2 M , s, 
came, K EY1 M , s, 
from, F R AH1 M , s, 
his, HH IH1 Z , s, 
trial, ˈ T r ǝ IH AA L, s, 
'tis, T IH1 Z , s, 
well, W EH1 L , s, 
the, DH AH0 , s, 
citizens, S IH1 T AH0 Z AH0 N Z , s, 
i, AY1 , s, 
am, AE1 M , s, 
sure, SH UW : R, s, 
have, HH AE1 V , s, 
shown, SH OW1 N , s, 
at, AE1 T , s, 
full, F UH1 L , s, 
their, DH EH1 R , s, 
royal, ˈ r ǝ IH ǝ AA L, s, 
minds, M ǝ IH N D Z, s, 
as, AE1 Z , s, 
let, L EH1 T , s, 
'em, AH0 M , s, 
have, HH AE1 V , s, 
their, DH EH1 R , s, 
rights, R AY1 T S , s, 
they, DH EY1 , s, 
are, AA1 R , s, 
ever, EH1 V ER0 , s, 
forward, F AO1 R W ER0 D , s, 
in, IH N, s, 
celebration, ˌ S e L IH ˈ B r EH: : S IH ǝ N, s, 
of, AH1 V , s, 
this, DH IH1 S , s, 
day, D EY1 , s, 
with, W IH1 DH , s, 
shows, SH OW : Z, s, 
pageants, P AE1 JH AH0 N T S , s, 
and, AH0 N D , s, 
sights, S AY1 T S , s, 
of, AH1 V , s, 
honor, AA1 N ER0 , s, 
may, M EH: :, s, 
i, AY1 , s, 
be, B IY1 , s, 
bold, B OW : L D, s, 
to, T UW1 , s, 
ask, AW S K, s, 
what, W AH1 T , s, 
that, DH AE1 T , s, 
contains, K AH0 N T EY1 N Z , s, 
that, DH AE1 T , s, 
paper, ˈ P EH: : P ǝ R, s, 
in, IH N, s, 
your, Y AO1 R , s, 
hand, AW N D, s, 
i, AY1 , s, 
thank, TH AE1 NG K , s, 
you, Y UW1 , s, 
sir, S ER1 , s, 
had, HH AE1 D , s, 
i, AY1 , s, 
not, N AA1 T , s, 
known, N OW : N, s, 
those, DH OW1 Z , s, 
customs, K AH1 S T AH0 M Z , s, 
i, AY1 , s, 
should, SH UH1 D , s, 
have, HH AE1 V , s, 
been, B IH1 N , s, 
beholding, B IH0 HH OW1 L D IH0 NG , s, 
to, T UW1 , s, 
your, Y AO1 R , s, 
paper, ˈ P EH: : P ǝ R, s, 
but, B AH1 T , s, 
i, AY1 , s, 
beseech, B IY0 S IY1 CH , s, 
you, Y UW1 , s, 
what's, W AH1 T S , s, 
become, B IH ˈ K ɤ M, s, 
of, AH1 V , s, 
katherine, K AE1 TH ER0 IH0 N , s, 
the, DH AH0 , s, 
princess, P R IH1 N S EH0 S , s, 
dowager, D AW1 AH0 JH ER0 , s, 
how, HH AW1 , s, 
goes, G OW : Z, s, 
her, HH ER0 , s, 
business, B IH1 Z N AH0 S , s, 
alas, AH0 L AE1 S , s, 
good, G UH1 D , s, 
lady, L EY1 D IY0 , s, 
the, DH AH0 , s, 
trumpets, T R AH1 M P AH0 T S , s, 
sound, S ǝ UH N D, s, 
stand, S T AE1 N D , s, 
close, K L OW : Z, s, 
the, DH AH0 , s, 
queen, K W IY1 N , s, 
is, IH1 Z , s, 
coming, ˈ K ɤ M IH N, s, 
a, AH0 , s, 
royal, ˈ r ǝ IH ǝ AA L, s, 
train, T r EH: : N, s, 
believe, B IH0 L IY1 V , s, 
me, M IY1 , s, 
these, DH IY1 Z , s, 
i, AY1 , s, 
know, N OW1 , s, 
who's, HH UW1 Z , s, 
that, DH AE1 T , s, 
that, DH AE1 T , s, 
bears, B EH: : R Z, s, 
the, DH AH0 , s, 
a, AH0 , s, 
bold, B OW : L D, s, 
brave, B r AW : V, s, 
gentleman, JH EH1 N T AH0 L M AH0 N , s, 
that, DH AE1 T , s, 
should, SH UH1 D , s, 
be, B IY1 , s, 
the, DH AH0 , s, 
duke, D UW1 K , s, 
of, AH1 V , s, 
suffolk, S AH1 F AH0 K , s, 
and, AH0 N D , s, 
that, DH AE1 T , s, 
my, M AY1 , s, 
lord, L AO : R D, s, 
of, AH1 V , s, 
norfolk, N AO1 R F AH0 K , s, 
heaven, HH EH1 V AH0 N , s, 
bless, B L EH1 S , s, 
thee, DH IY1 , s, 
thou, DH AW1 , s, 
hast, HH AE1 S T , s, 
the, DH AH0 , s, 
sweetest, S W IY1 T AH0 S T , s, 
face, F EH: : S, s, 
i, AY1 , s, 
ever, EH1 V ER0 , s, 
looked, L UH K T, s, 
on, AA1 N , s, 
sir, S ER1 , s, 
as, AE1 Z , s, 
i, AY1 , s, 
have, HH AE1 V , s, 
a, AH0 , s, 
soul, S OW1 L , s, 
she, SH IY1 , s, 
is, IH1 Z , s, 
an, AE1 N , s, 
angel, EY1 N JH AH0 L , s, 
our, OW : R, s, 
king, K IH1 NG , s, 
has, AW Z, s, 
all, AA : L, s, 
the, DH AH0 , s, 
indies, IH1 N D IY0 Z , s, 
in, IH N, s, 
his, HH IH1 Z , s, 
arms, AA1 R M Z , s, 
and, AH0 N D , s, 
more, M AO1 R , s, 
and, AH0 N D , s, 
richer, R IH1 CH ER0 , s, 
when, ʍ e N, s, 
he, HH IY1 , s, 
strains, EH: : N Z, s, 
that, DH AE1 T , s, 
lady, L EY1 D IY0 , s, 
i, AY1 , s, 
cannot, K AE1 N AA0 T , s, 
blame, B L EH: : M, s, 
his, HH IH1 Z , s, 
conscience, ˈ K ɒ N S IH ǝ N S, s, 
those, DH OW1 Z , s, 
men, M EH1 N , s, 
are, AA1 R , s, 
happy, ˈ AW P ǝ IH, s, 
and, AH0 N D , s, 
so, S OW :, s, 
are, AA1 R , s, 
all, AA : L, s, 
are, AA1 R , s, 
near, N IY : R, s, 
her, HH ER0 , s, 
i, AY1 , s, 
take, T EY1 K , s, 
it, IH1 T , s, 
she, SH IY1 , s, 
that, DH AE1 T , s, 
carries, ˈ K AW r ǝ IH Z, s, 
up, AH1 P , s, 
the, DH AH0 , s, 
train, T r EH: : N, s, 
is, IH1 Z , s, 
that, DH AE1 T , s, 
old, OW : L D, s, 
noble, ˈ N OW : B ǝ L, s, 
lady, L EY1 D IY0 , s, 
duchess, D AH1 CH AH0 S , s, 
of, AH1 V , s, 
norfolk, N AO1 R F AH0 K , s, 
their, DH EH1 R , s, 
coronets, K AO1 R AH0 N EH1 T S , s, 
say, S EH: :, s, 
so, S OW :, s, 
these, DH IY1 Z , s, 
are, AA1 R , s, 
stars, S T AA : R Z, s, 
indeed, IH0 N D IY1 D , s, 
no, N OW :, s, 
more, M AO1 R , s, 
of, AH1 V , s, 
that, DH AE1 T , s, 
you, Y UW1 , s, 
saw, S AO1 , s, 
the, DH AH0 , s, 
ceremony, ˈ S e r IH ˌ M OW : N ǝ IH, s, 
good, G UH1 D , s, 
sir, S ER1 , s, 
speak, S P IY : K, s, 
it, IH1 T , s, 
to, T UW1 , s, 
us, AH1 S , s, 
but, B AH1 T , s, 
what, W AH1 T , s, 
followed, F AA1 L OW0 D , s, 
what, W AH1 T , s, 
two, T UW1 , s, 
reverend, R EH1 V ER0 AH0 N D , s, 
bishops, B IH1 SH AH0 P S , s, 
were, W ER0 , s, 
those, DH OW1 Z , s, 
that, DH AE1 T , s, 
went, W EH1 N T , s, 
on, AA1 N , s, 
each, IY1 CH , s, 
side, S AY1 D , s, 
of, AH1 V , s, 
the, DH AH0 , s, 
queen, K W IY1 N , s, 
he, HH IY1 , s, 
of, AH1 V , s, 
winchester, ˈ W IH N T SH e S T ǝ R, s, 
is, IH1 Z , s, 
held, HH EH1 L D , s, 
no, N OW :, s, 
great, G r e T, s, 
good, G UH1 D , s, 
lover, L AH1 V ER0 , s, 
of, AH1 V , s, 
the, DH AH0 , s, 
the, DH AH0 , s, 
virtuous, V ER1 CH UW0 AH0 S , s, 
cranmer, K R AE1 N M ER0 , s, 
who, HH UW1 , s, 
may, M EH: :, s, 
that, DH AE1 T , s, 
be, B IY1 , s, 
i, AY1 , s, 
pray, P r EH: :, s, 
you, Y UW1 , s, 
he, HH IY1 , s, 
will, W IH1 L , s, 
deserve, D IH ˈ Z ɐ : R V, s, 
more, M AO1 R , s, 
you, Y UW1 , s, 
may, M EH: :, s, 
command, K ǝ ˈ M AW N D, s, 
us, AH1 S , s, 
sir, S ER1 , s, 
o, OW :, s, 
god, G AA1 D , s, 
save, EH: : V, s, 
you, Y UW1 , s, 
to, T UW1 , s, 
the, DH AH0 , s, 
hall, AA : L, s, 
to, T UW1 , s, 
hear, IY : R, s, 
what, W AH1 T , s, 
shall, SH AE1 L , s, 
become, B IH ˈ K ɤ M, s, 
of, AH1 V , s, 
the, DH AH0 , s, 
great, G r e T, s, 
duke, D UW1 K , s, 
of, AH1 V , s, 
buckingham, B AH1 K IH0 NG HH AE2 M , s, 
were, W ER0 , s, 
you, Y UW1 , s, 
there, DH EH1 R , s, 
pray, P r EH: :, s, 
speak, S P IY : K, s, 
what, W AH1 T , s, 
has, AW Z, s, 
happened, HH AE1 P AH0 N D , s, 
is, IH1 Z , s, 
he, HH IY1 , s, 
found, F ǝ UH N D, s, 
guilty, G IH1 L T IY0 , s, 
i, AY1 , s, 
am, AE1 M , s, 
sorry, S AA1 R IY0 , s, 
for, F AO1 R , s, 
but, B AH1 T , s, 
pray, P r EH: :, s, 
how, HH AW1 , s, 
passed, ˈ P AW S IH D, s, 
it, IH1 T , s, 
that, DH AE1 T , s, 
was, W AA1 Z , s, 
he, HH IY1 , s, 
that, DH AE1 T , s, 
fed, F EH1 D , s, 
him, HH IH1 M , s, 
with, W IH1 DH , s, 
his, HH IH1 Z , s, 
prophecies, P R AA1 F AH0 S IY0 Z , s, 
after, ˈ AW F T ǝ R, s, 
all, AA : L, s, 
this, DH IH1 S , s, 
how, HH AW1 , s, 
did, D IH1 D , s, 
he, HH IY1 , s, 
bear, B EH: : R, s, 
himself, HH IH0 M S EH1 L F , s, 
i, AY1 , s, 
do, D OW :, s, 
not, N AA1 T , s, 
think, TH IH1 NG K , s, 
he, HH IY1 , s, 
fears, F IY : R Z, s, 
death, D EH1 TH , s, 
certainly, S ER1 T AH0 N L IY0 , s, 
the, DH AH0 , s, 
cardinal, K AA1 R D AH0 N AH0 L , s, 
is, IH1 Z , s, 
the, DH AH0 , s, 
end, EH1 N D , s, 
of, AH1 V , s, 
this, DH IH1 S , s, 
that, DH AE1 T , s, 
trick, T R IH1 K , s, 
of, AH1 V , s, 
state, S T EY1 T , s, 
was, W AA1 Z , s, 
a, AH0 , s, 
deep, D IY1 P , s, 
envious, EH1 N V IY0 AH0 S , s, 
one, W AH1 N , s, 
all, AA : L, s, 
the, DH AH0 , s, 
commons, K AA1 M AH0 N Z , s, 
hate, HH EY1 T , s, 
him, HH IH1 M , s, 
perniciously, P ǝ R ˈ N IH S IH ǝ S ˌ L ǝ IH, s, 
and, AH0 N D , s, 
o', OW1 , s, 
my, M AY1 , s, 
conscience, ˈ K ɒ N S IH ǝ N S, s, 
wish, W IH1 SH , s, 
him, HH IH1 M , s, 
ten, T EH1 N , s, 
fathom, ˈ F AW D ǝ M, s, 
deep, D IY1 P , s, 
this, DH IH1 S , s, 
duke, D UW1 K , s, 
as, AE1 Z , s, 
much, M ɤ T SH, s, 
they, DH EY1 , s, 
love, L ɤ V, s, 
and, AH0 N D , s, 
dote, D OW1 T , s, 
on, AA1 N , s, 
call, K AO1 L , s, 
him, HH IH1 M , s, 
bounteous, ˈ B ə UH N T IH ə S, s, 
buckingham, B AH1 K IH0 NG HH AE2 M , s, 
the, DH AH0 , s, 
mirror, M IH1 R ER0 , s, 
of, AH1 V , s, 
all, AA : L, s, 
courtesy, K ER1 T AH0 S IY0 , s, 
let's, L EH1 T S , s, 
stand, S T AE1 N D , s, 
close, K L OW : Z, s, 
and, AH0 N D , s, 
behold, B IH0 HH OW1 L D , s, 
him, HH IH1 M , s, 
if, IH1 F , s, 
the, DH AH0 , s, 
duke, D UW1 K , s, 
be, B IY1 , s, 
guiltless, ˈ G IH L T L ǝ S, s, 
'tis, T IH1 Z , s, 
full, F UH1 L , s, 
of, AH1 V , s, 
woe, W OW1 , s, 
yet, Y EH1 T , s, 
i, AY1 , s, 
can, K AE1 N , s, 
give, G IH1 V , s, 
you, Y UW1 , s, 
inkling, IH1 NG K L IH0 NG , s, 
of, AH1 V , s, 
an, AE1 N , s, 
ensuing, e N ˈ S Y UW : IH N, s, 
evil, ˈ e V IH L, s, 
if, IH1 F , s, 
it, IH1 T , s, 
fall, F AA : L, s, 
greater, ˈ G r e T ǝ R, s, 
than, DH AE1 N , s, 
this, DH IH1 S , s, 
this, DH IH1 S , s, 
secret, S IY1 K R AH0 T , s, 
is, IH1 Z , s, 
so, S OW :, s, 
weighty, W EY1 T IY0 , s, 
require, R IY2 K W AY1 ER0 , s, 
a, AH0 , s, 
strong, S T R AO1 NG , s, 
faith, F EY1 TH , s, 
to, T UW1 , s, 
conceal, K AH0 N S IY1 L , s, 
it, IH1 T , s, 
i, AY1 , s, 
am, AE1 M , s, 
confident, K AA1 N F AH0 D AH0 N T , s, 
you, Y UW1 , s, 
shall, SH AE1 L , s, 
sir, S ER1 , s, 
did, D IH1 D , s, 
you, Y UW1 , s, 
not, N AA1 T , s, 
of, AH1 V , s, 
late, L EH: : T, s, 
days, D EY1 Z , s, 
hear, IY : R, s, 
a, AH0 , s, 
buzzing, ˈ B ɤ Z IH N, s, 
of, AH1 V , s, 
a, AH0 , s, 
separation, S EH2 P ER0 EY1 SH AH0 N , s, 
between, B IH0 T W IY1 N , s, 
the, DH AH0 , s, 
king, K IH1 NG , s, 
and, AH0 N D , s, 
katherine, K AE1 TH ER0 IH0 N , s, 
but, B AH1 T , s, 
that, DH AE1 T , s, 
slander, ˈ S L AO : N D ǝ R, s, 
sir, S ER1 , s, 
is, IH1 Z , s, 
found, F ǝ UH N D, s, 
a, AH0 , s, 
truth, T R UW1 TH , s, 
now, N AW1 , s, 
for, F AO1 R , s, 
it, IH1 T , s, 
grows, G r OW : Z, s, 
again, ǝ ˈ ɡ EH: : N, s, 
fresher, F R EH1 SH ER0 , s, 
than, DH AE1 N , s, 
it, IH1 T , s, 
was, W AA1 Z , s, 
and, AH0 N D , s, 
held, HH EH1 L D , s, 
for, F AO1 R , s, 
certain, ˈ S ɐ : R T ǝ N, s, 
the, DH AH0 , s, 
king, K IH1 NG , s, 
will, W IH1 L , s, 
venture, ˈ V e N T ǝ R, s, 
at, AE1 T , s, 
it, IH1 T , s, 
either, ˈ EH: DH ǝ R, s, 
the, DH AH0 , s, 
cardinal, K AA1 R D AH0 N AH0 L , s, 
or, AO : R, s, 
some, S AH1 M , s, 
about, ǝ ˈ B ǝ UH T, s, 
him, HH IH1 M , s, 
near, N IY : R, s, 
have, HH AE1 V , s, 
out, AW1 T , s, 
of, AH1 V , s, 
malice, M AE1 L AH0 S , s, 
to, T UW1 , s, 
the, DH AH0 , s, 
good, G UH1 D , s, 
queen, K W IY1 N , s, 
possessed, P AH0 Z EH1 S T , s, 
him, HH IH1 M , s, 
with, W IH1 DH , s, 
a, AH0 , s, 
scruple, S K R UW1 P AH0 L , s, 
that, DH AE1 T , s, 
will, W IH1 L , s, 
undo, AH0 N D UW1 , s, 
her, HH ER0 , s, 
to, T UW1 , s, 
confirm, K AH0 N F ER1 M , s, 
this, DH IH1 S , s, 
too, T UW1 , s, 
cardinal, K AA1 R D AH0 N AH0 L , s, 
campeius, K AW M ˈ P EH: : ǝ S, s, 
is, IH1 Z , s, 
arrived, ER0 AY1 V D , s, 
and, AH0 N D , s, 
lately, ˈ L EH: : T L ǝ IH, s, 
as, AE1 Z , s, 
all, AA : L, s, 
think, TH IH1 NG K , s, 
for, F AO1 R , s, 
this, DH IH1 S , s, 
business, B IH1 Z N AH0 S , s, 
i, AY1 , s, 
think, TH IH1 NG K , s, 
you, Y UW1 , s, 
have, HH AE1 V , s, 
hit, IH T, s, 
the, DH AH0 , s, 
mark, M AA : R K, s, 
but, B AH1 T , s, 
is, IH1 Z , s, 
not, N AA1 T , s, 
cruel, K R UW1 AH0 L , s, 
that, DH AE1 T , s, 
she, SH IY1 , s, 
should, SH UH1 D , s, 
feel, F IY1 L , s, 
the, DH AH0 , s, 
smart, S M AA : R T, s, 
of, AH1 V , s, 
this, DH IH1 S , s, 
the, DH AH0 , s, 
cardinal, K AA1 R D AH0 N AH0 L , s, 
will, W IH1 L , s, 
have, HH AE1 V , s, 
his, HH IH1 Z , s, 
will, W IH1 L , s, 
and, AH0 N D , s, 
she, SH IY1 , s, 
must, M AH1 S T , s, 
fall, F AA : L, s, 
so, S OW :, s, 
are, AA1 R , s, 
you, Y UW1 , s, 
'tis, T IH1 Z , s, 
all, AA : L, s, 
my, M AY1 , s, 
business, B IH1 Z N AH0 S , s, 
at, AE1 T , s, 
our, OW : R, s, 
last, L AE1 S T , s, 
encounter, e N ˈ K ǝ UH N T ǝ R, s, 
the, DH AH0 , s, 
duke, D UW1 K , s, 
of, AH1 V , s, 
buckingham, B AH1 K IH0 NG HH AE2 M , s, 
came, K EY1 M , s, 
from, F R AH1 M , s, 
his, HH IH1 Z , s, 
trial, ˈ T r ǝ IH AA L, s, 
'tis, T IH1 Z , s, 
well, W EH1 L , s, 
the, DH AH0 , s, 
citizens, S IH1 T AH0 Z AH0 N Z , s, 
i, AY1 , s, 
am, AE1 M , s, 
sure, SH UW : R, s, 
have, HH AE1 V , s, 
shown, SH OW1 N , s, 
at, AE1 T , s, 
full, F UH1 L , s, 
their, DH EH1 R , s, 
royal, ˈ r ǝ IH ǝ AA L, s, 
minds, M ǝ IH N D Z, s, 
as, AE1 Z , s, 
let, L EH1 T , s, 
'em, AH0 M , s, 
have, HH AE1 V , s, 
their, DH EH1 R , s, 
rights, R AY1 T S , s, 
they, DH EY1 , s, 
are, AA1 R , s, 
ever, EH1 V ER0 , s, 
forward, F AO1 R W ER0 D , s, 
in, IH N, s, 
celebration, ˌ S e L IH ˈ B r EH: : S IH ǝ N, s, 
of, AH1 V , s, 
this, DH IH1 S , s, 
day, D EY1 , s, 
with, W IH1 DH , s, 
shows, SH OW : Z, s, 
pageants, P AE1 JH AH0 N T S , s, 
and, AH0 N D , s, 
sights, S AY1 T S , s, 
of, AH1 V , s, 
honor, AA1 N ER0 , s, 
may, M EH: :, s, 
i, AY1 , s, 
be, B IY1 , s, 
bold, B OW : L D, s, 
to, T UW1 , s, 
ask, AW S K, s, 
what, W AH1 T , s, 
that, DH AE1 T , s, 
contains, K AH0 N T EY1 N Z , s, 
that, DH AE1 T , s, 
paper, ˈ P EH: : P ǝ R, s, 
in, IH N, s, 
your, Y AO1 R , s, 
hand, AW N D, s, 
i, AY1 , s, 
thank, TH AE1 NG K , s, 
you, Y UW1 , s, 
sir, S ER1 , s, 
had, HH AE1 D , s, 
i, AY1 , s, 
not, N AA1 T , s, 
known, N OW : N, s, 
those, DH OW1 Z , s, 
customs, K AH1 S T AH0 M Z , s, 
i, AY1 , s, 
should, SH UH1 D , s, 
have, HH AE1 V , s, 
been, B IH1 N , s, 
beholding, B IH0 HH OW1 L D IH0 NG , s, 
to, T UW1 , s, 
your, Y AO1 R , s, 
paper, ˈ P EH: : P ǝ R, s, 
but, B AH1 T , s, 
i, AY1 , s, 
beseech, B IY0 S IY1 CH , s, 
you, Y UW1 , s, 
what's, W AH1 T S , s, 
become, B IH ˈ K ɤ M, s, 
of, AH1 V , s, 
katherine, K AE1 TH ER0 IH0 N , s, 
the, DH AH0 , s, 
princess, P R IH1 N S EH0 S , s, 
dowager, D AW1 AH0 JH ER0 , s, 
how, HH AW1 , s, 
goes, G OW : Z, s, 
her, HH ER0 , s, 
business, B IH1 Z N AH0 S , s, 
alas, AH0 L AE1 S , s, 
good, G UH1 D , s, 
lady, L EY1 D IY0 , s, 
the, DH AH0 , s, 
trumpets, T R AH1 M P AH0 T S , s, 
sound, S ǝ UH N D, s, 
stand, S T AE1 N D , s, 
close, K L OW : Z, s, 
the, DH AH0 , s, 
queen, K W IY1 N , s, 
is, IH1 Z , s, 
coming, ˈ K ɤ M IH N, s, 
a, AH0 , s, 
royal, ˈ r ǝ IH ǝ AA L, s, 
train, T r EH: : N, s, 
believe, B IH0 L IY1 V , s, 
me, M IY1 , s, 
these, DH IY1 Z , s, 
i, AY1 , s, 
know, N OW1 , s, 
who's, HH UW1 Z , s, 
that, DH AE1 T , s, 
that, DH AE1 T , s, 
bears, B EH: : R Z, s, 
the, DH AH0 , s, 
a, AH0 , s, 
bold, B OW : L D, s, 
brave, B r AW : V, s, 
gentleman, JH EH1 N T AH0 L M AH0 N , s, 
that, DH AE1 T , s, 
should, SH UH1 D , s, 
be, B IY1 , s, 
the, DH AH0 , s, 
duke, D UW1 K , s, 
of, AH1 V , s, 
suffolk, S AH1 F AH0 K , s, 
and, AH0 N D , s, 
that, DH AE1 T , s, 
my, M AY1 , s, 
lord, L AO : R D, s, 
of, AH1 V , s, 
norfolk, N AO1 R F AH0 K , s, 
heaven, HH EH1 V AH0 N , s, 
bless, B L EH1 S , s, 
thee, DH IY1 , s, 
thou, DH AW1 , s, 
hast, HH AE1 S T , s, 
the, DH AH0 , s, 
sweetest, S W IY1 T AH0 S T , s, 
face, F EH: : S, s, 
i, AY1 , s, 
ever, EH1 V ER0 , s, 
looked, L UH K T, s, 
on, AA1 N , s, 
sir, S ER1 , s, 
as, AE1 Z , s, 
i, AY1 , s, 
have, HH AE1 V , s, 
a, AH0 , s, 
soul, S OW1 L , s, 
she, SH IY1 , s, 
is, IH1 Z , s, 
an, AE1 N , s, 
angel, EY1 N JH AH0 L , s, 
our, OW : R, s, 
king, K IH1 NG , s, 
has, AW Z, s, 
all, AA : L, s, 
the, DH AH0 , s, 
indies, IH1 N D IY0 Z , s, 
in, IH N, s, 
his, HH IH1 Z , s, 
arms, AA1 R M Z , s, 
and, AH0 N D , s, 
more, M AO1 R , s, 
and, AH0 N D , s, 
richer, R IH1 CH ER0 , s, 
when, ʍ e N, s, 
he, HH IY1 , s, 
strains, EH: : N Z, s, 
that, DH AE1 T , s, 
lady, L EY1 D IY0 , s, 
i, AY1 , s, 
cannot, K AE1 N AA0 T , s, 
blame, B L EH: : M, s, 
his, HH IH1 Z , s, 
conscience, ˈ K ɒ N S IH ǝ N S, s, 
those, DH OW1 Z , s, 
men, M EH1 N , s, 
are, AA1 R , s, 
happy, ˈ AW P ǝ IH, s, 
and, AH0 N D , s, 
so, S OW :, s, 
are, AA1 R , s, 
all, AA : L, s, 
are, AA1 R , s, 
near, N IY : R, s, 
her, HH ER0 , s, 
i, AY1 , s, 
take, T EY1 K , s, 
it, IH1 T , s, 
she, SH IY1 , s, 
that, DH AE1 T , s, 
carries, ˈ K AW r ǝ IH Z, s, 
up, AH1 P , s, 
the, DH AH0 , s, 
train, T r EH: : N, s, 
is, IH1 Z , s, 
that, DH AE1 T , s, 
old, OW : L D, s, 
noble, ˈ N OW : B ǝ L, s, 
lady, L EY1 D IY0 , s, 
duchess, D AH1 CH AH0 S , s, 
of, AH1 V , s, 
norfolk, N AO1 R F AH0 K , s, 
their, DH EH1 R , s, 
coronets, K AO1 R AH0 N EH1 T S , s, 
say, S EH: :, s, 
so, S OW :, s, 
these, DH IY1 Z , s, 
are, AA1 R , s, 
stars, S T AA : R Z, s, 
indeed, IH0 N D IY1 D , s, 
no, N OW :, s, 
more, M AO1 R , s, 
of, AH1 V , s, 
that, DH AE1 T , s, 
you, Y UW1 , s, 
saw, S AO1 , s, 
the, DH AH0 , s, 
ceremony, ˈ S e r IH ˌ M OW : N ǝ IH, s, 
good, G UH1 D , s, 
sir, S ER1 , s, 
speak, S P IY : K, s, 
it, IH1 T , s, 
to, T UW1 , s, 
us, AH1 S , s, 
but, B AH1 T , s, 
what, W AH1 T , s, 
followed, F AA1 L OW0 D , s, 
what, W AH1 T , s, 
two, T UW1 , s, 
reverend, R EH1 V ER0 AH0 N D , s, 
bishops, B IH1 SH AH0 P S , s, 
were, W ER0 , s, 
those, DH OW1 Z , s, 
that, DH AE1 T , s, 
went, W EH1 N T , s, 
on, AA1 N , s, 
each, IY1 CH , s, 
side, S AY1 D , s, 
of, AH1 V , s, 
the, DH AH0 , s, 
queen, K W IY1 N , s, 
he, HH IY1 , s, 
of, AH1 V , s, 
winchester, ˈ W IH N T SH e S T ǝ R, s, 
is, IH1 Z , s, 
held, HH EH1 L D , s, 
no, N OW :, s, 
great, G r e T, s, 
good, G UH1 D , s, 
lover, L AH1 V ER0 , s, 
of, AH1 V , s, 
the, DH AH0 , s, 
the, DH AH0 , s, 
virtuous, V ER1 CH UW0 AH0 S , s, 
cranmer, K R AE1 N M ER0 , s, 
who, HH UW1 , s, 
may, M EH: :, s, 
that, DH AE1 T , s, 
be, B IY1 , s, 
i, AY1 , s, 
pray, P r EH: :, s, 
you, Y UW1 , s, 
he, HH IY1 , s, 
will, W IH1 L , s, 
deserve, D IH ˈ Z ɐ : R V, s, 
more, M AO1 R , s, 
you, Y UW1 , s, 
may, M EH: :, s, 
command, K ǝ ˈ M AW N D, s, 
us, AH1 S , s, 
sir, S ER1 , s, 
