i;AY;s; 
sh,a,ll;SH,AE,L;s; 
n,o;N,OW;s; 
t,o;T,UW;s; 
s,ea;S,IY;s; 
t,o;T,UW;s; 
s,ea;S,IY;s; 
sh,a,ll;SH,AE,L;s; 
i;AY;s; 
th,i,s;DH,IH,S;s; 
i,s;IH,Z;s; 
a;AH;s; 
v,e,r,y;V,EH,R,IY;s; 
t,o;T,UW;s; 
a,t;AE,T;s; 
a;AH;s; 
f,u,n,e,r,a,l;F,Y,UW,N,ER,AH,L;s; 
w,e,ll;W,EH,L;s; 
m,y;M,AY;s; 
c,o,m,f,o,r,t;K,ɤ,M,F,ǝ,R,T;s; 
th,e;DH,AH;s; 
m,a,s,t,e,r;M,AW,S,T,ǝ,R;s; 
th,e;DH,AH;s; 
s,w,a,bb,e,r;S,W,ɒ,B,ǝ,R;s; 
th,e;DH,AH;s; 
b,oa,t,s,w,ai,n;B,OW,T,S,W,EY,N;s; 
a,n,d;AH,N,D;s; 
i;AY;s; 
th,e;DH,AH;s; 
g,u,nn,e,r;G,ɤ,N,ǝ,R;s; 
a,n,d;AH,N,D;s; 
h,i,s;HH,IH,Z;s; 
m,a,ll;M,ɒ,L;s; 
m,e,g;M,EH,G;s; 
a,n,d;AH,N,D;s; 
a,n,d;AH,N,D;s; 
b,u,t;B,AH,T;s; 
o,f;AH,V;s; 
u,s;AH,S;s; 
f,o,r;F,AO,R;s; 
f,o,r;F,AO,R;s; 
sh,e;SH,IY;s; 
h,a,d;HH,AE,D;s; 
a;AH;s; 
w,i,th;W,IH,DH;s; 
a;AH;s; 
t,o;T,UW;s; 
a;AH;s; 
g,o;G,OW;s; 
sh,e;SH,IY;s; 
n,o,t;N,AA,T;s; 
th,e;DH,AH;s; 
o,f;AH,V;s; 
t,a,r;T,AA,R;s; 
n,o,r;N,AO,R;s; 
o,f;AH,V;s; 
y,e,t;Y,EH,T;s; 
a;AH;s; 
sh,e;SH,IY;s; 
d,i,d;D,IH,D;s; 
th,e,n;DH,EH,N;s; 
t,o;T,UW;s; 
s,ea;S,IY;s; 
a,n,d;AH,N,D;s; 
l,e,t;L,EH,T;s; 
g,o;G,OW;s; 
th,i,s;DH,IH,S;s; 
i,s;IH,Z;s; 
a;AH;s; 
t,oo;T,UW;s; 
b,u,t;B,AH,T;s; 
m,y;M,AY;s; 
c,o,m,f,o,r,t;K,ɤ,M,F,ǝ,R,T;s; 
th,e;DH,AH;s; 
m,a,tt,e,r;M,AW,T,ǝ,R;s; 
w,e;W,IY;s; 
d,e,v,i,l,s;D,EH,V,AH,L,Z;s; 
d,o;D,OW;s; 
y,ou;Y,UW;s; 
p,u,t;P,UH,T;s; 
u,p,o,n;AH,P,AA,N;s; 
',s;EH,S;s; 
w,i,th;W,IH,DH;s; 
s,a,v,a,g,e,s;S,AE,V,AH,JH,AH,Z;s; 
a,n,d;AH,N,D;s; 
m,e,n;M,EH,N;s; 
o,f;AH,V;s; 
i;AY;s; 
n,o,t;N,AA,T;s; 
t,o;T,UW;s; 
b,e;B,IY;s; 
o,f;AH,V;s; 
y,ou,r;Y,AO,R;s; 
f,ou,r;F,AO,R;s; 
l,e,g,s;L,EH,G,Z;s; 
f,o,r;F,AO,R;s; 
i,t;IH,T;s; 
h,a,th;HH,AE,TH;s; 
b,ee,n;B,IH,N;s; 
s,ai,d;S,EH,D;s; 
a,s;AE,Z;s; 
a;AH;s; 
m,a,n;M,AE,N;s; 
a,s;AE,Z;s; 
w,e,n,t;W,EH,N,T;s; 
o,n;AA,N;s; 
f,ou,r;F,AO,R;s; 
l,e,g,s;L,EH,G,Z;s; 
c,a,nn,o,t;K,AE,N,AA,T;s; 
h,i,m;HH,IH,M;s; 
a,n,d;AH,N,D;s; 
i,t;IH,T;s; 
sh,a,ll;SH,AE,L;s; 
b,e;B,IY;s; 
s,ai,d;S,EH,D;s; 
s,o;S,OW;s; 
a,g,ai,n;ǝ,ɡ,EH,N;s; 
n,o,s,t,r,i,l,s;N,AA,S,T,R,AH,L,Z;s; 
th,i,s;DH,IH,S;s; 
i,s;IH,Z;s; 
m,o,n,s,t,e,r;M,ɒ,N,S,T,ǝ,R;s; 
o,f;AH,V;s; 
th,e;DH,AH;s; 
w,i,th;W,IH,DH;s; 
f,ou,r;F,AO,R;s; 
l,e,g,s;L,EH,G,Z;s; 
wh,o;HH,UW;s; 
h,a,th;HH,AE,TH;s; 
g,o,t;G,AA,T;s; 
a,s;AE,Z;s; 
i;AY;s; 
i,t;IH,T;s; 
a,n;AE,N;s; 
th,e;DH,AH;s; 
d,e,v,i,l;D,IH,V,ǝ,L;s; 
h,e;HH,IY;s; 
ou,r;OW,R;s; 
i;AY;s; 
w,i,ll;W,IH,L;s; 
h,i,m;HH,IH,M;s; 
r,e,l,ie,f;R,IH,L,IY,F;s; 
i,f;IH,F;s; 
i,t;IH,T;s; 
b,e;B,IY;s; 
b,u,t;B,AH,T;s; 
f,o,r;F,AO,R;s; 
th,a,t;DH,AE,T;s; 
i,f;IH,F;s; 
i;AY;s; 
c,a,n;K,AE,N;s; 
r,e,c,o,v,e,r;r,IH,K,ɤ,V,ǝ,R;s; 
h,i,m;HH,IH,M;s; 
a,n,d;AH,N,D;s; 
k,ee,p;K,IY,P;s; 
h,i,m;HH,IH,M;s; 
a,n,d;AH,N,D;s; 
g,e,t;G,EH,T;s; 
t,o;T,UW;s; 
n,a,p,l,e,s;N,EY,P,AH,L,Z;s; 
w,i,th;W,IH,DH;s; 
h,i,m;HH,IH,M;s; 
a;AH;s; 
p,r,e,s,e,n,t;P,r,IH,Z,e,N,T;s; 
f,o,r;F,AO,R;s; 
th,a,t;DH,AE,T;s; 
t,r,o,d;T,R,AA,D;s; 
o,n;AA,N;s; 
l,ea,th,e,r;L,e,DH,ǝ,R;s; 
i,n;IH,N;s; 
h,i,s;HH,IH,Z;s; 
f,i,t;F,IH,T;s; 
a,n,d;AH,N,D;s; 
d,oe,s;D,AH,Z;s; 
n,o,t;N,AA,T;s; 
a,f,t,e,r;AW,F,T,ǝ,R;s; 
th,e;DH,AH;s; 
w,i,s,e,s,t;W,AY,Z,AH,S,T;s; 
h,e;HH,IY;s; 
sh,a,ll;SH,AE,L;s; 
o,f;AH,V;s; 
m,y;M,AY;s; 
i,f;IH,F;s; 
h,e;HH,IY;s; 
n,e,v,e,r;N,e,V,ǝ,R;s; 
d,r,u,n,k;D,R,AH,NG,K;s; 
i,t;IH,T;s; 
w,i,ll;W,IH,L;s; 
g,o;G,OW;s; 
n,ea,r;N,IY,R;s; 
t,o;T,UW;s; 
h,i,s;HH,IH,Z;s; 
f,i,t;F,IH,T;s; 
i,f;IH,F;s; 
i;AY;s; 
c,a,n;K,AE,N;s; 
r,e,c,o,v,e,r;r,IH,K,ɤ,V,ǝ,R;s; 
h,i,m;HH,IH,M;s; 
a,n,d;AH,N,D;s; 
k,ee,p;K,IY,P;s; 
h,i,m;HH,IH,M;s; 
i;AY;s; 
w,i,ll;W,IH,L;s; 
n,o,t;N,AA,T;s; 
t,oo;T,UW;s; 
f,o,r;F,AO,R;s; 
h,i,m;HH,IH,M;s; 
h,e;HH,IY;s; 
sh,a,ll;SH,AE,L;s; 
f,o,r;F,AO,R;s; 
h,i,m;HH,IH,M;s; 
th,a,t;DH,AE,T;s; 
h,a,th;HH,AE,TH;s; 
h,i,m;HH,IH,M;s; 
a,n,d;AH,N,D;s; 
th,a,t;DH,AE,T;s; 
o,n;AA,N;s; 
y,ou,r;Y,AO,R;s; 
o,p,e,n;OW,P,ǝ,N;s; 
y,ou,r;Y,AO,R;s; 
i,s;IH,Z;s; 
th,a,t;DH,AE,T;s; 
w,i,ll;W,IH,L;s; 
t,o;T,UW;s; 
y,ou;Y,UW;s; 
c,a,t;K,AE,T;s; 
o,p,e,n;OW,P,ǝ,N;s; 
y,ou,r;Y,AO,R;s; 
th,i,s;DH,IH,S;s; 
w,i,ll;W,IH,L;s; 
y,ou,r;Y,AO,R;s; 
i;AY;s; 
c,a,n;K,AE,N;s; 
t,e,ll;T,EH,L;s; 
y,ou;Y,UW;s; 
a,n,d;AH,N,D;s; 
th,a,t;DH,AE,T;s; 
y,ou;Y,UW;s; 
c,a,nn,o,t;K,AE,N,AA,T;s; 
t,e,ll;T,EH,L;s; 
y,ou,r;Y,AO,R;s; 
f,r,ie,n,d;F,R,EH,N,D;s; 
o,p,e,n;OW,P,ǝ,N;s; 
y,ou,r;Y,AO,R;s; 
ch,a,p,s;CH,AE,P,S;s; 
a,g,ai,n;ǝ,ɡ,EH,N;s; 
f,ou,r;F,AO,R;s; 
l,e,g,s;L,EH,G,Z;s; 
a,n,d;AH,N,D;s; 
m,o,s,t;M,OW,S,T;s; 
m,o,n,s,t,e,r;M,ɒ,N,S,T,ǝ,R;s; 
h,i,s;HH,IH,Z;s; 
i,s;IH,Z;s; 
t,o;T,UW;s; 
s,p,ea,k;S,P,IY,K;s; 
w,e,ll;W,EH,L;s; 
o,f;AH,V;s; 
h,i,s;HH,IH,Z;s; 
f,r,ie,n,d;F,R,EH,N,D;s; 
h,i,s;HH,IH,Z;s; 
i,s;IH,Z;s; 
t,o;T,UW;s; 
s,p,ee,ch,e,s;S,P,IY,CH,AH,Z;s; 
a,n,d;AH,N,D;s; 
t,o;T,UW;s; 
d,e,t,r,a,c,t;D,IH,T,R,AE,K,T;s; 
i,f;IH,F;s; 
a,ll;AA,L;s; 
th,e;DH,AH;s; 
i,n;IH,N;s; 
m,y;M,AY;s; 
w,i,ll;W,IH,L;s; 
r,e,c,o,v,e,r;r,IH,K,ɤ,V,ǝ,R;s; 
h,i,m;HH,IH,M;s; 
i;AY;s; 
w,i,ll;W,IH,L;s; 
h,i,s;HH,IH,Z;s; 
a,m,e,n;EY,M,EH,N;s; 
i;AY;s; 
w,i,ll;W,IH,L;s; 
p,ou,r;P,UW,R;s; 
i,n;IH,N;s; 
d,o,th;D,AO,TH;s; 
c,a,ll;K,AO,L;s; 
m,e;M,IY;s; 
th,i,s;DH,IH,S;s; 
i,s;IH,Z;s; 
a;AH;s; 
d,e,v,i,l;D,IH,V,ǝ,L;s; 
a,n,d;AH,N,D;s; 
n,o;N,OW;s; 
m,o,n,s,t,e,r;M,ɒ,N,S,T,ǝ,R;s; 
i;AY;s; 
w,i,ll;W,IH,L;s; 
h,i,m;HH,IH,M;s; 
i;AY;s; 
n,o;N,OW;s; 
s,p,oo,n;S,P,UW,N;s; 
i,f;IH,F;s; 
th,ou;DH,AW;s; 
f,o,r,th;F,AO,R,TH;s; 
p,u,ll;P,UH,L;s; 
th,ee;DH,IY;s; 
b,y;B,AY;s; 
th,e;DH,AH;s; 
l,e,ss,e,r;L,e,S,ǝ,R;s; 
l,e,g,s;L,EH,G,Z;s; 
i,f;IH,F;s; 
b,e;B,IY;s; 
l,e,g,s;L,EH,G,Z;s; 
th,ou;DH,AW;s; 
a,r,t;AA,R,T;s; 
v,e,r,y;V,EH,R,IY;s; 
i,n,d,ee,d;IH,N,D,IY,D;s; 
th,ou;DH,AW;s; 
t,o;T,UW;s; 
b,e;B,IY;s; 
th,e;DH,AH;s; 
o,f;AH,V;s; 
th,i,s;DH,IH,S;s; 
m,oo,n,c,a,l,f;M,UW,N,ˌ,K,AO,F;s; 
c,a,n;K,AE,N;s; 
h,e;HH,IY;s; 
v,e,n,t;V,EH,N,T;s; 
p,r,i,th,ee;P,r,e,DH,IY;s; 
d,o;D,OW;s; 
n,o,t;N,AA,T;s; 
t,u,r,n;T,ɐ,R,N;s; 
m,e;M,IY;s; 
m,y;M,AY;s; 
s,t,o,m,a,ch;S,T,AH,M,AH,K;s; 
i,s;IH,Z;s; 
n,o,t;N,AA,T;s; 
c,o,n,s,t,a,n,t;K,AA,N,S,T,AH,N,T;s; 
th,ou;DH,AW;s; 
th,ou;DH,AW;s; 
s,w,ea,r;S,W,EH,R;s; 
b,y;B,AY;s; 
th,i,s;DH,IH,S;s; 
th,ou;DH,AW;s; 
e,sc,a,p,e,d;IH,S,K,EY,P,T;s; 
u,p,o,n;AH,P,AA,N;s; 
a;AH;s; 
b,u,tt;B,AH,T;s; 
o,f;AH,V;s; 
s,a,ck;S,AE,K;s; 
th,e;DH,AH;s; 
th,i,s;DH,IH,S;s; 
i;AY;s; 
o,f;AH,V;s; 
th,e;DH,AH;s; 
b,a,r,k;B,AA,R,K;s; 
o,f;AH,V;s; 
a;AH;s; 
t,r,ee;T,R,IY;s; 
w,i,th;W,IH,DH;s; 
i;AY;s; 
w,a,s;W,AA,Z;s; 
c,a,s,t;K,AW,S,T;s; 
s,w,ea,r;S,W,EH,R;s; 
th,e,n;DH,EH,N;s; 
th,ou;DH,AW;s; 
k,i,ss;K,IH,S;s; 
th,e;DH,AH;s; 
b,oo,k;B,UH,K;s; 
th,ou;DH,AW;s; 
s,w,i,m;S,W,IH,M;s; 
a;AH;s; 
d,u,ck;D,ɤ,K;s; 
th,ou;DH,AW;s; 
a,r,t;AA,R,T;s; 
a;AH;s; 
th,e;DH,AH;s; 
b,u,tt;B,AH,T;s; 
m,a,n;M,AE,N;s; 
m,y;M,AY;s; 
c,e,ll,a,r;S,e,L,ǝ,R;s; 
i,s;IH,Z;s; 
i,n;IH,N;s; 
a;AH;s; 
r,o,ck;R,AA,K;s; 
b,y;B,AY;s; 
m,y;M,AY;s; 
i,s;IH,Z;s; 
m,oo,n,c,a,l,f;M,UW,N,ˌ,K,AO,F;s; 
d,oe,s;D,AH,Z;s; 
ou,t;AW,T;s; 
m,oo,n;M,UW,N;s; 
i;AY;s; 
d,o;D,OW;s; 
th,ee;DH,IY;s; 
i;AY;s; 
w,a,s;W,AA,Z;s; 
th,e;DH,AH;s; 
m,a,n;M,AE,N;s; 
m,oo,n;M,UW,N;s; 
wh,e,n;ʍ,e,N;s; 
w,a,s;W,AA,Z;s; 
s,w,ea,r;S,W,EH,R;s; 
t,o;T,UW;s; 
th,a,t;DH,AE,T;s; 
k,i,ss;K,IH,S;s; 
th,e;DH,AH;s; 
b,oo,k;B,UH,K;s; 
i;AY;s; 
w,i,ll;W,IH,L;s; 
i,t;IH,T;s; 
w,i,th;W,IH,DH;s; 
c,o,n,t,e,n,t,s;K,ǝ,N,T,e,N,T,S;s; 
s,w,ea,r;S,W,EH,R;s; 
o,n;AA,N;s; 
th,e,n;DH,EH,N;s; 
d,o,w,n;D,ǝ,UH,N;s; 
a,n,d;AH,N,D;s; 
s,w,ea,r;S,W,EH,R;s; 
k,i,ss;K,IH,S;s; 
i;AY;s; 
p,r,i,th,ee;P,r,e,DH,IY;s; 
l,ea,d;L,EH,D;s; 
th,e;DH,AH;s; 
th,e;DH,AH;s; 
a,n,d;AH,N,D;s; 
a,ll;AA,L;s; 
ou,r;OW,R;s; 
c,o,m,p,a,n,y;K,AH,M,P,AH,N,IY;s; 
b,ei,n,g;B,IY,IH,NG;s; 
d,r,o,w,n,e,d;D,r,ǝ,UH,N,IH,D;s; 
w,e;W,IY;s; 
w,i,ll;W,IH,L;s; 
i,n,h,e,r,i,t;IH,N,HH,EH,R,AH,T;s; 
b,ea,r;B,EH,R;s; 
m,y;M,AY;s; 
f,i,ll;F,IH,L;s; 
h,i,m;HH,IH,M;s; 
b,y;B,AY;s; 
a,n,d;AH,N,D;s; 
b,y;B,AY;s; 
a,g,ai,n;ǝ,ɡ,EH,N;s; 
o;OW;s; 
m,o,n,s,t,e,r;M,ɒ,N,S,T,ǝ,R;s; 
l,ea,d;L,EH,D;s; 
th,e;DH,AH;s; 
t,e,ll;T,EH,L;s; 
n,o,t;N,AA,T;s; 
m,e;M,IY;s; 
wh,e,n;ʍ,e,N;s; 
th,e;DH,AH;s; 
b,u,tt;B,AH,T;s; 
i,s;IH,Z;s; 
ou,t;AW,T;s; 
w,e;W,IY;s; 
w,i,ll;W,IH,L;s; 
d,r,i,n,k;D,R,IH,NG,K;s; 
w,a,t,e,r;W,AA,T,ǝ,R;s; 
n,o,t;N,AA,T;s; 
a;AH;s; 
d,r,o,p;D,R,AA,P;s; 
th,e,r,e,f,re;DH,EH,R,F,AO,R;s; 
b,ea,r;B,EH,R;s; 
u,p;AH,P;s; 
a,n,d;AH,N,D;s; 
b,oa,r,d;B,AO,R,D;s; 
m,o,n,s,t,e,r;M,ɒ,N,S,T,ǝ,R;s; 
d,r,i,n,k;D,R,IH,NG,K;s; 
t,o;T,UW;s; 
m,e;M,IY;s; 
d,r,i,n,k;D,R,IH,NG,K;s; 
s,e,r,v,a,n,t;S,ɐ,R,V,ǝ,N,T;s; 
m,o,n,s,t,e,r;M,ɒ,N,S,T,ǝ,R;s; 
wh,e,n;ʍ,e,N;s; 
i;AY;s; 
b,i,d;B,IH,D;s; 
th,ee;DH,IY;s; 
a,l,m,o,s,t;AA,L,M,OW,S,T;s; 
s,e,t;S,EH,T;s; 
i,n;IH,N;s; 
m,y;M,AY;s; 
h,a,th;HH,AE,TH;s; 
d,r,o,w,n,e,d;D,r,ǝ,UH,N,IH,D;s; 
h,i,s;HH,IH,Z;s; 
i,n;IH,N;s; 
s,a,ck;S,AE,K;s; 
f,o,r;F,AO,R;s; 
m,y;M,AY;s; 
p,a,r,t;P,AA,R,T;s; 
th,e;DH,AH;s; 
s,ea;S,IY;s; 
c,a,nn,o,t;K,AE,N,AA,T;s; 
d,r,o,w,n;D,r,ǝ,UH,N;s; 
m,e;M,IY;s; 
i;AY;s; 
s,w,a,m;S,W,AE,M;s; 
i;AY;s; 
r,e,c,o,v,e,r;r,IH,K,ɤ,V,ǝ,R;s; 
th,e;DH,AH;s; 
o,ff;AO,F;s; 
a,n,d;AH,N,D;s; 
o,n;AA,N;s; 
b,y;B,AY;s; 
th,i,s;DH,IH,S;s; 
sh,a,l,t;SH,AE,L,T;s; 
b,e;B,IY;s; 
m,y;M,AY;s; 
l,ieu,t,e,n,a,n,t;L,UW,T,EH,N,AH,N,T;s; 
m,o,n,s,t,e,r;M,ɒ,N,S,T,ǝ,R;s; 
o,r;AO,R;s; 
m,y;M,AY;s; 
s,t,a,n,d,a,r,d;S,T,AW,N,D,ǝ,R,D;s; 
n,o,t;N,AA,T;s; 
r,u,n;r,ɤ,N;s; 
m,o,n,s,t,e,r;M,ɒ,N,S,T,ǝ,R;s; 
m,oo,n,c,a,l,f;M,UW,N,ˌ,K,AO,F;s; 
s,p,ea,k;S,P,IY,K;s; 
i,n;IH,N;s; 
i,f;IH,F;s; 
th,ou;DH,AW;s; 
a;AH;s; 
g,oo,d;G,UH,D;s; 
m,oo,n,c,a,l,f;M,UW,N,ˌ,K,AO,F;s; 
k,ee,p;K,IY,P;s; 
a;AH;s; 
g,oo,d;G,UH,D;s; 
i,n;IH,N;s; 
y,ou,r;Y,AO,R;s; 
i,f;IH,F;s; 
y,ou;Y,UW;s; 
a;AH;s; 
th,e;DH,AH;s; 
t,r,ee;T,R,IY;s; 
th,e;DH,AH;s; 
p,oo,r;P,UH,R;s; 
m,y;M,AY;s; 
s,u,b,j,e,c,t;S,AH,B,JH,EH,K,T;s; 
a,n,d;AH,N,D;s; 
h,e;HH,IY;s; 
sh,a,ll;SH,AE,L;s; 
n,o,t;N,AA,T;s; 
s,u,ff,e,r;S,ɤ,F,ǝ,R;s; 
i,n,d,i,g,n,i,t,y;IH,N,D,IH,G,N,AH,T,IY;s; 
m,a,rr,r,y;M,AW,r,ǝ,IH;s; 
w,i,ll;W,IH,L;s; 
i;AY;s; 
a,n,d;AH,N,D;s; 
r,e,p,ea,t;r,IH,P,IY,T;s; 
i,t;IH,T;s; 
i;AY;s; 
w,i,ll;W,IH,L;s; 
s,t,a,n,d;S,T,AE,N,D;s; 
a,n,d;AH,N,D;s; 
s,o;S,OW;s; 
sh,a,ll;SH,AE,L;s; 
i,f;IH,F;s; 
y,ou;Y,UW;s; 
h,i,m;HH,IH,M;s; 
i,n;IH,N;s; 
',s;EH,S;s; 
b,y;B,AY;s; 
th,i,s;DH,IH,S;s; 
i;AY;s; 
w,i,ll;W,IH,L;s; 
o,f;AH,V;s; 
y,ou,r;Y,AO,R;s; 
t,ee,th;T,IY,TH;s; 
m,u,m;M,ɤ,M;s; 
th,e,n;DH,EH,N;s; 
a,n,d;AH,N,D;s; 
n,o;N,OW;s; 
p,r,o,c,ee,d;P,R,AH,S,IY,D;s; 
m,o,s,t;M,OW,S,T;s; 
c,e,r,t,ai,n;S,ɐ,R,T,ǝ,N;s; 
sh,a,ll;SH,AE,L;s; 
th,i,s;DH,IH,S;s; 
b,e;B,IY;s; 
th,ou;DH,AW;s; 
m,e;M,IY;s; 
t,o;T,UW;s; 
th,e;DH,AH;s; 
p,a,r,t,y;P,AA,R,T,IY;s; 
r,u,n;r,ɤ,N;s; 
i,n,t,o;IH,N,T,UW;s; 
n,o;N,OW;s; 
th,e;DH,AH;s; 
m,o,n,s,t,e,r;M,ɒ,N,S,T,ǝ,R;s; 
a,n,d;AH,N,D;s; 
b,y;B,AY;s; 
th,i,s;DH,IH,S;s; 
t,u,r,n;T,ɐ,R,N;s; 
m,y;M,AY;s; 
ou,t;AW,T;s; 
d,oo,r,s;D,AO,R,Z;s; 
a,n,d;AH,N,D;s; 
a;AH;s; 
o,f;AH,V;s; 
th,ee;DH,IY;s; 
th,ou;DH,AW;s; 
n,o,t;N,AA,T;s; 
h,e;HH,IY;s; 
l,ie,d;L,AY,D;s; 
d,o;D,OW;s; 
i;AY;s; 
s,o;S,OW;s; 
th,ou;DH,AW;s; 
th,a,t;DH,AE,T;s; 
a,s;AE,Z;s; 
y,ou;Y,UW;s; 
th,i,s;DH,IH,S;s; 
m,e;M,IY;s; 
th,e;DH,AH;s; 
a,n,o,th,e,r;ǝ,N,ɤ,DH,ǝ,R;s; 
w,i,th;W,IH,DH;s; 
y,ou,r;Y,AO,R;s; 
p,r,i,th,ee;P,r,e,DH,IY;s; 
s,t,a,n,d;S,T,AE,N,D;s; 
o,ff;AO,F;s; 
s,t,a,n,d;S,T,AE,N,D;s; 
p,r,o,c,ee,d;P,R,AH,S,IY,D;s; 
i,s;IH,Z;s; 
i,t;IH,T;s; 
s,o;S,OW;s; 
a;AH;s; 
l,a,ss;L,AE,S;s; 
m,o,n,s,t,e,r;M,ɒ,N,S,T,ǝ,R;s; 
i;AY;s; 
w,i,ll;W,IH,L;s; 
k,i,ll;K,IH,L;s; 
th,i,s;DH,IH,S;s; 
m,a,n;M,AE,N;s; 
h,i,s;HH,IH,Z;s; 
a,n,d;AH,N,D;s; 
i;AY;s; 
w,i,ll;W,IH,L;s; 
b,e;B,IY;s; 
a,n,d;AH,N,D;s; 
ou,r;OW,R;s; 
g,r,a,c,e,s;G,R,EY,S,IH,Z;s; 
a,n,d;AH,N,D;s; 
a,n,d;AH,N,D;s; 
sh,a,ll;SH,AE,L;s; 
b,e;B,IY;s; 
th,ou;DH,AW;s; 
th,e;DH,AH;s; 
p,l,o,t;P,L,AA,T;s; 
m,e;M,IY;s; 
i;AY;s; 
a,m;AE,M;s; 
i;AY;s; 
b,ea,t;B,IY,T;s; 
th,ee;DH,IY;s; 
b,u,t;B,AH,T;s; 
th,ou;DH,AW;s; 
k,ee,p;K,IY,P;s; 
a;AH;s; 
g,oo,d;G,UH,D;s; 
i,n;IH,N;s; 
o,n;AA,N;s; 
a,t;AE,T;s; 
m,o,n,s,t,e,r;M,ɒ,N,S,T,ǝ,R;s; 
i;AY;s; 
w,i,ll;W,IH,L;s; 
d,o;D,OW;s; 
r,ea,s,o,n;r,EH,Z,ǝ,N;s; 
o,n;AA,N;s; 
l,e,t;L,EH,T;s; 
u,s;AH,S;s; 
a,n,d;AH,N,D;s; 
a,n,d;AH,N,D;s; 
a,n,d;AH,N,D;s; 
i,s;IH,Z;s; 
f,r,ee;F,R,IY;s; 
wh,a,t;W,AH,T;s; 
i,s;IH,Z;s; 
th,i,s;DH,IH,S;s; 
i,f;IH,F;s; 
th,ou;DH,AW;s; 
a;AH;s; 
m,a,n;M,AE,N;s; 
i,n;IH,N;s; 
i,f;IH,F;s; 
th,ou;DH,AW;s; 
a;AH;s; 
d,e,v,i,l;D,IH,V,ǝ,L;s; 
a,s;AE,Z;s; 
th,ou;DH,AW;s; 
l,i,s,t;L,IH,S,T;s; 
h,e;HH,IY;s; 
th,a,t;DH,AE,T;s; 
a,ll;AA,L;s; 
th,ee;DH,IY;s; 
u,p,o,n;AH,P,AA,N;s; 
u,s;AH,S;s; 
n,o;N,OW;s; 
m,o,n,s,t,e,r;M,ɒ,N,S,T,ǝ,R;s; 
n,o,t;N,AA,T;s; 
i;AY;s; 
th,i,s;DH,IH,S;s; 
w,i,ll;W,IH,L;s; 
a;AH;s; 
t,o;T,UW;s; 
m,e;M,IY;s; 
i;AY;s; 
sh,a,ll;SH,AE,L;s; 
m,y;M,AY;s; 
f,o,r;F,AO,R;s; 
th,a,t;DH,AE,T;s; 
sh,a,ll;SH,AE,L;s; 
b,e;B,IY;s; 
b,y;B,AY;s; 
a,n,d;AH,N,D;s; 
b,y;B,AY;s; 
i;AY;s; 
th,e;DH,AH;s; 
s,t,o,r,y;S,T,AO,R,IY;s; 
l,ea,d;L,EH,D;s; 
m,o,n,s,t,e,r;M,ɒ,N,S,T,ǝ,R;s; 
i;AY;s; 
s,ee;S,IY;s; 
th,i,s;DH,IH,S;s; 
h,e;HH,IY;s; 
i,t;IH,T;s; 
o,n;AA,N;s; 
w,i,l,t;W,IH,L,T;s; 
m,o,n,s,t,e,r;M,ɒ,N,S,T,ǝ,R;s; 
y,ou,r;Y,AO,R;s; 
f,ai,r,y;F,EH,R,IY;s; 
y,ou;Y,UW;s; 
i,s;IH,Z;s; 
a;AH;s; 
h,a,r,m,l,e,ss;HH,AA,R,M,L,AH,S;s; 
f,ai,r,y;F,EH,R,IY;s; 
b,e,tt,e,r;B,e,T,ə,R;s; 
th,a,n;DH,AE,N;s; 
th,e;DH,AH;s; 
j,a,ck;JH,AE,K;s; 
w,i,th;W,IH,DH;s; 
u,s;AH,S;s; 
s,o;S,OW;s; 
i,s;IH,Z;s; 
y,ou;Y,UW;s; 
m,o,n,s,t,e,r;M,ɒ,N,S,T,ǝ,R;s; 
i,f;IH,F;s; 
i;AY;s; 
a;AH;s; 
a,g,ai,n,s,t;AH,G,EH,N,S,T;s; 
y,ou;Y,UW;s; 
l,oo,k;L,UH,K;s; 
y,ou;Y,UW;s; 
i,s;IH,Z;s; 
n,o,t;N,AA,T;s; 
o,n,l,y;OW,N,L,IY;s; 
a,n,d;AH,N,D;s; 
i,n;IH,N;s; 
th,a,t;DH,AE,T;s; 
m,o,n,s,t,e,r;M,ɒ,N,S,T,ǝ,R;s; 
b,u,t;B,AH,T;s; 
a,n;AE,N;s; 
l,o,ss;L,AO,S;s; 
i;AY;s; 
w,i,ll;W,IH,L;s; 
o,ff;AO,F;s; 
m,y;M,AY;s; 
i;AY;s; 
b,e;B,IY;s; 
ea,r,s;IY,R,Z;s; 
f,o,r;F,AO,R;s; 
m,y;M,AY;s; 
m,e;M,IY;s; 
i;AY;s; 
d,o;D,OW;s; 
b,e,g,i,n;B,IH,G,IH,N;s; 
t,o;T,UW;s; 
b,l,oo,d,y;B,L,AH,D,IY;s; 
p,u,t;P,UH,T;s; 
o,ff;AO,F;s; 
th,a,t;DH,AE,T;s; 
g,o,w,n;G,ǝ,UH,N;s; 
b,y;B,AY;s; 
th,i,s;DH,IH,S;s; 
th,a,t;DH,AE,T;s; 
g,o,w,n;G,ǝ,UH,N;s; 
b,e;B,IY;s; 
y,ou;Y,UW;s; 
i,s;IH,Z;s; 
n,o,t;N,AA,T;s; 
th,i,s;DH,IH,S;s; 
m,y;M,AY;s; 
i,s;IH,Z;s; 
th,e;DH,AH;s; 
u,n,d,e,r;ɤ,N,D,ǝ,R;s; 
th,e;DH,AH;s; 
y,ou;Y,UW;s; 
t,o;T,UW;s; 
y,ou,r;Y,AO,R;s; 
h,ai,r;HH,EH,R;s; 
a,n,d;AH,N,D;s; 
a;AH;s; 
b,a,l,d;B,AA,L,D;s; 
i;AY;s; 
th,a,n,k;TH,AE,NG,K;s; 
th,ee;DH,IY;s; 
f,o,r;F,AO,R;s; 
th,a,t;DH,AE,T;s; 
j,e,s,t;JH,EH,S,T;s; 
a;AH;s; 
g,a,r,m,e,n,t;G,AA,R,M,AH,N,T;s; 
f,o,r;F,AO,R;s; 
w,i,t;W,IH,T;s; 
sh,a,ll;SH,AE,L;s; 
n,o,t;N,AA,T;s; 
g,o;G,OW;s; 
i;AY;s; 
a,m;AE,M;s; 
o,f;AH,V;s; 
th,i,s;DH,IH,S;s; 
c,ou,n,t,r,y;K,AH,N,T,R,IY;s; 
s,t,ea,l;S,T,IY,L;s; 
b,y;B,AY;s; 
a,n,d;AH,N,D;s; 
l,e,v,e,l;L,EH,V,AH,L;s; 
i,s;IH,Z;s; 
a,n;AE,N;s; 
p,a,ss;P,AE,S;s; 
o,f;AH,V;s; 
a,n,o,th,e,r;ǝ,N,ɤ,DH,ǝ,R;s; 
g,a,r,m,e,n,t;G,AA,R,M,AH,N,T;s; 
f,o,r;F,AO,R;s; 
m,o,n,s,t,e,r;M,ɒ,N,S,T,ǝ,R;s; 
t,o;T,UW;s; 
y,ou,r;Y,AO,R;s; 
t,o;T,UW;s; 
b,ea,r;B,EH,R;s; 
th,i,s;DH,IH,S;s; 
m,y;M,AY;s; 
o,f;AH,V;s; 
i,s;IH,Z;s; 
o,r;AO,R;s; 
t,u,r,n;T,ɐ,R,N;s; 
y,ou;Y,UW;s; 
ou,t;AW,T;s; 
o,f;AH,V;s; 
m,y;M,AY;s; 
g,o;G,OW;s; 
t,o;T,UW;s; 
c,a,rr,r,y;K,AW,r,ǝ,IH;s; 
th,i,s;DH,IH,S;s; 
a,n,d;AH,N,D;s; 
th,i,s;DH,IH,S;s; 
e,v,e,r,y;e,V,r,ǝ,IH;s; 
m,a,n;M,AE,N;s; 
sh,i,f,t;SH,IH,F,T;s; 
f,o,r;F,AO,R;s; 
a,ll;AA,L;s; 
th,e;DH,AH;s; 
r,e,s,t;R,EH,S,T;s; 
a,n,d;AH,N,D;s; 
l,e,t;L,EH,T;s; 
n,o;N,OW;s; 
m,a,n;M,AE,N;s; 
f,o,r;F,AO,R;s; 
h,i,m,s,e,l,f;HH,IH,M,S,EH,L,F;s; 
f,o,r;F,AO,R;s; 
a,ll;AA,L;s; 
i,s;IH,Z;s; 
b,u,t;B,AH,T;s; 
b,u,ll,l,y;B,UH,L,ə,IH;s; 
m,o,n,s,t,e,r;M,ɒ,N,S,T,ǝ,R;s; 
o;OW;s; 
m,e;M,IY;s; 
n,o,t;N,AA,T;s; 
i;AY;s; 
a,m;AE,M;s; 
n,o,t;N,AA,T;s; 
b,u,t;B,AH,T;s; 
a;AH;s; 
c,r,a,m,p;K,R,AE,M,P;s; 
i;AY;s; 
b,ee,n;B,IH,N;s; 
a;AH;s; 
th,e,n;DH,EH,N;s; 
