you,'Y UW',s,'UW'
see,'S IY',s,'IY'
lepidus,'L e P IH D ǝ S',s,'IH'
and,'AH N D',s,''
it,'IH T',s,'IH'
is,'IH Z',s,'IH'
not,'N AA T',s,'AA'
to,'T UW',s,'UW'
our,'OW R',s,''
great,'G r e T',s,''
from,'F R AH M',s,''
this,'DH IH S',s,'IH'
is,'IH Z',s,'IH'
the,'DH AH',s,''
he,'HH IY',s,'IY'
fishes,'F IH SH AH Z',s,'IH'
drinks,'D R IH NG K S',s,'IH'
and,'AH N D',s,''
the,'DH AH',s,''
lamps,'L AE M P S',s,'AE'
of,'AH V',s,''
in,'IH N',s,'IH'
revel,'R EH V AH L',s,''
is,'IH Z',s,'IH'
not,'N AA T',s,'AA'
than,'DH AE N',s,'AE'
nor,'N AO R',s,'AO'
the,'DH AH',s,''
of,'AH V',s,''
than,'DH AE N',s,'AE'
he,'HH IY',s,'IY'
hardly,'HH AA R D L IY',s,'AA IY'
or,'AO R',s,'AO'
vouchhsafed,'V ǝ UH T SH S EH F T',s,'UH'
to,'T UW',s,'UW'
think,'TH IH NG K',s,'IH'
he,'HH IY',s,'IY'
had,'HH AE D',s,'AE'
partners,'P AA R T N ǝ R Z',s,'AA'
you,'Y UW',s,'UW'
shall,'SH AE L',s,'AE'
a,'AH',s,''
man,'M AE N',s,'AE'
who,'HH UW',s,'UW'
is,'IH Z',s,'IH'
abstract,'AE B S T R AE K T',s,'AE AE'
of,'AH V',s,''
all,'AA L',s,'AA'
faults,'F AO L T S',s,'AO'
that,'DH AE T',s,'AE'
all,'AA L',s,'AA'
men,'M EH N',s,''
you,'Y UW',s,'UW'
too,'T UW',s,'UW'
indulgent,'IH N D AH L JH AH N T',s,'IH'
grant,'G r AO N T',s,'AO'
it,'IH T',s,'IH'
is,'IH Z',s,'IH'
not,'N AA T',s,'AA'
amiss,'ǝ M IH S',s,'IH'
to,'T UW',s,'UW'
on,'AA N',s,'AA'
the,'DH AH',s,''
bed,'B EH D',s,''
of,'AH V',s,''
to,'T UW',s,'UW'
a,'AH',s,''
for,'F AO R',s,'AO'
a,'AH',s,''
mirth,'M ɐ R TH',s,''
to,'T UW',s,'UW'
sit,'S IH T',s,'IH'
and,'AH N D',s,''
keep,'K IY P',s,'IY'
the,'DH AH',s,''
turn,'T ɐ R N',s,''
of,'AH V',s,''
with,'W IH DH',s,'IH'
a,'AH',s,''
to,'T UW',s,'UW'
reel,'R IY L',s,'IY'
the,'DH AH',s,''
streets,'S T R IY T S',s,'IY'
at,'AE T',s,'AE'
noon,'N UW N',s,'UW'
and,'AH N D',s,''
stand,'S T AE N D',s,'AE'
the,'DH AH',s,''
buffet,'B ɤ F IH T',s,'IH'
with,'W IH DH',s,'IH'
that,'DH AE T',s,'AE'
of,'AH V',s,''
sweat,'S W EH T',s,''
this,'DH IH S',s,'IH'
him,'HH IH M',s,'IH'
as,'AE Z',s,'AE'
his,'HH IH Z',s,'IH'
must,'M AH S T',s,''
be,'B IY',s,'IY'
indeed,'IH N D IY D',s,'IH IY'
whom,'HH UW M',s,'UW'
cannot,'K AE N AA T',s,'AE AA'
must,'M AH S T',s,''
antony,'AE N T AH N IY',s,'AE IY'
no,'N OW',s,''
his,'HH IH Z',s,'IH'
when,'ʍ e N',s,''
we,'W IY',s,'IY'
do,'D OW',s,''
bear,'B EH R',s,''
so,'S OW',s,''
great,'G r e T',s,''
in,'IH N',s,'IH'
his,'HH IH Z',s,'IH'
if,'IH F',s,'IH'
he,'HH IY',s,'IY'
his,'HH IH Z',s,'IH'
with,'W IH DH',s,'IH'
his,'HH IH Z',s,'IH'
full,'F UH L',s,'UH'
surfeits,'S ɐ R F IH T S',s,'IH'
and,'AH N D',s,''
the,'DH AH',s,''
dryness,'D R AY N AH S',s,'AY'
of,'AH V',s,''
his,'HH IH Z',s,'IH'
call,'K AO L',s,'AO'
on,'AA N',s,'AA'
him,'HH IH M',s,'IH'
for,'F AO R',s,'AO'
but,'B AH T',s,''
to,'T UW',s,'UW'
confound,'K AA N F AW N D',s,'AA'
that,'DH AE T',s,'AE'
drums,'D R AH M Z',s,''
him,'HH IH M',s,'IH'
from,'F R AH M',s,''
his,'HH IH Z',s,'IH'
sport,'S P AO R T',s,'AO'
and,'AH N D',s,''
speaks,'S P IY K S',s,'IY'
as,'AE Z',s,'AE'
as,'AE Z',s,'AE'
his,'HH IH Z',s,'IH'
and,'AH N D',s,''
ours,'OW R Z',s,''
to,'T UW',s,'UW'
be,'B IY',s,'IY'
as,'AE Z',s,'AE'
we,'W IY',s,'IY'
who,'HH UW',s,'UW'
being,'B IY IH NG',s,'IY IH'
in,'IH N',s,'IH'
their,'DH EH R',s,''
to,'T UW',s,'UW'
their,'DH EH R',s,''
present,'P r IH Z e N T',s,'IH'
pleasre,'P L EH ZH ER',s,''
and,'AH N D',s,''
so,'S OW',s,''
rebel,'R EH B AH L',s,''
to,'T UW',s,'UW'
i,'AY',s,'AY'
no,'N OW',s,''
less,'L EH S',s,''
it,'IH T',s,'IH'
hath,'HH AE TH',s,'AE'
been,'B IH N',s,'IH'
us,'AH S',s,''
from,'F R AH M',s,''
the,'DH AH',s,''
that,'DH AE T',s,'AE'
he,'HH IY',s,'IY'
is,'IH Z',s,'IH'
was,'W AA Z',s,'AA'
wished,'W IH SH IH D',s,'IH IH'
until,'AH N T IH L',s,'IH'
he,'HH IY',s,'IY'
wre,'W ER',s,''
and,'AH N D',s,''
the,'DH AH',s,''
ebbed,'EH B AH D',s,''
man,'M AE N',s,'AE'
till,'T IH L',s,'IH'
worth,'W AO R TH',s,'AO'
by,'B AY',s,'AY'
being,'B IY IH NG',s,'IY IH'
this,'DH IH S',s,'IH'
common,'K AA M AH N',s,'AA'
body,'B AA D IY',s,'AA IY'
to,'T UW',s,'UW'
a,'AH',s,''
vagabond,'V AE G AH B AA N D',s,'AE AA'
flag,'F L AE G',s,'AE'
upon,'AH P AA N',s,'AA'
the,'DH AH',s,''
stream,'S T R IY M',s,'IY'
goes,'G OW Z',s,''
to,'T UW',s,'UW'
and,'AH N D',s,''
back,'B AE K',s,'AE'
the,'DH AH',s,''
varying,'V AW r ǝ IH IH N',s,'IH IH'
to,'T UW',s,'UW'
rot,'R AA T',s,'AA'
itself,'IH T S EH L F',s,'IH'
with,'W IH DH',s,'IH'
antony,'AE N T AH N IY',s,'AE IY'
wassails,'W AA S ǝ L Z',s,'AA'
when,'ʍ e N',s,''
thou,'DH AW',s,''
was,'W AA Z',s,'AA'
beaten,'B IY T ə N',s,'IY'
from,'F R AH M',s,''
modena,'M ǝ D IY N ǝ',s,'IY'
thou,'DH AW',s,''
hirsius,'ɐ R S IH ǝ S',s,'IH'
and,'AH N D',s,''
pansa,'P AW N S ǝ',s,''
at,'AE T',s,'AE'
did,'D IH D',s,'IH'
whom,'HH UW M',s,'UW'
thou,'DH AW',s,''
against,'AH G EH N S T',s,''
up,'AH P',s,''
with,'W IH DH',s,'IH'
than,'DH AE N',s,'AE'
savages,'S AE V AH JH AH Z',s,'AE'
suffer,'S ɤ F ǝ R',s,''
thou,'DH AW',s,''
drink,'D R IH NG K',s,'IH'
the,'DH AH',s,''
of,'AH V',s,''
horses,'HH AO R S AH Z',s,'AO'
and,'AH N D',s,''
the,'DH AH',s,''
gilded,'G IH L D IH D',s,'IH IH'
beasts,'B e S T S',s,''
at,'AE T',s,'AE'
then,'DH EH N',s,''
did,'D IH D',s,'IH'
the,'DH AH',s,''
on,'AA N',s,'AA'
the,'DH AH',s,''
rudest,'R UW D AH S T',s,'UW'
hege,'e D ZH',s,''
yea,'Y EH',s,''
the,'DH AH',s,''
stag,'S T AE G',s,'AE'
when,'ʍ e N',s,''
the,'DH AH',s,''
pastre,'P AE S CH ER',s,'AE'
sheets,'SH IY T S',s,'IY'
the,'DH AH',s,''
barks,'B AA R K S',s,'AA'
of,'AH V',s,''
trees,'T R IY Z',s,'IY'
thou,'DH AW',s,''
on,'AA N',s,'AA'
the,'DH AH',s,''
alps,'AE L P S',s,'AE'
it,'IH T',s,'IH'
is,'IH Z',s,'IH'
reported,'R IY P AO R T AH D',s,'IY AO'
thou,'DH AW',s,''
eat,'IY T',s,'IY'
flesh,'F L EH SH',s,''
did,'D IH D',s,'IH'
to,'T UW',s,'UW'
look,'L UH K',s,'UH'
on,'AA N',s,'AA'
and,'AH N D',s,''
all,'AA L',s,'AA'
this,'DH IH S',s,'IH'
it,'IH T',s,'IH'
wounds,'W UW N D Z',s,'UW'
that,'DH AE T',s,'AE'
i,'AY',s,'AY'
speak,'S P IY K',s,'IY'
it,'IH T',s,'IH'
was,'W AA Z',s,'AA'
so,'S OW',s,''
a,'AH',s,''
that,'DH AE T',s,'AE'
cheek,'CH IY K',s,'IY'
so,'S OW',s,''
as,'AE Z',s,'AE'
not,'N AA T',s,'AA'
let,'L EH T',s,''
his,'HH IH Z',s,'IH'
him,'HH IH M',s,'IH'
to,'T UW',s,'UW'
we,'W IY',s,'IY'
twain,'T W EY N',s,'EY'
did,'D IH D',s,'IH'
field,'F IY L D',s,'IY'
and,'AH N D',s,''
to,'T UW',s,'UW'
that,'DH AE T',s,'AE'
end,'EH N D',s,''
we,'W IY',s,'IY'
in,'IH N',s,'IH'
our,'OW R',s,''
idleness,'ǝ IH D L N ǝ S',s,'IH'
till,'T IH L',s,'IH'
it,'IH T',s,'IH'
is,'IH Z',s,'IH'
my,'M AY',s,'AY'
too,'T UW',s,'UW'
doubt,'D ǝ UH T',s,'UH'
not,'N AA T',s,'AA'
i,'AY',s,'AY'
it,'IH T',s,'IH'
for,'F AO R',s,'AO'
my,'M AY',s,'AY'
bond,'B AA N D',s,'AA'
i,'AY',s,'AY'
do,'D OW',s,''
not,'N AA T',s,'AA'
ask,'AW S K',s,''
agrippa,'AH G R IH P AH',s,'IH'
to,'T UW',s,'UW'
sit,'S IH T',s,'IH'
then,'DH EH N',s,''
i,'AY',s,'AY'
must,'M AH S T',s,''
be,'B IY',s,'IY'
at,'AE T',s,'AE'
if,'IH F',s,'IH'
or,'AO R',s,'AO'
for,'F AO R',s,'AO'
or,'AO R',s,'AO'
a,'AH',s,''
i,'AY',s,'AY'
myself,'M AY S EH L F',s,'AY'
offended,'AH F EH N D AH D',s,''
and,'AH N D',s,''
with,'W IH DH',s,'IH'
you,'Y UW',s,'UW'
at,'AE T',s,'AE'
that,'DH AE T',s,'AE'
i,'AY',s,'AY'
you,'Y UW',s,'UW'
derogately,'D e r ǝ G ǝ T L ǝ IH',s,'IH'
when,'ʍ e N',s,''
to,'T UW',s,'UW'
your,'Y AO R',s,'AO'
it,'IH T',s,'IH'
not,'N AA T',s,'AA'
me,'M IY',s,'IY'
no,'N OW',s,''
than,'DH AE N',s,'AE'
my,'M AY',s,'AY'
residing,'r IH S ǝ IH D IH N',s,'IH IH IH'
at,'AE T',s,'AE'
be,'B IY',s,'IY'
to,'T UW',s,'UW'
you,'Y UW',s,'UW'
in,'IH N',s,'IH'
egypt,'IY JH AH P T',s,'IY'
yet,'Y EH T',s,''
if,'IH F',s,'IH'
you,'Y UW',s,'UW'
did,'D IH D',s,'IH'
on,'AA N',s,'AA'
my,'M AY',s,'AY'
your,'Y AO R',s,'AO'
being,'B IY IH NG',s,'IY IH'
in,'IH N',s,'IH'
egypt,'IY JH AH P T',s,'IY'
be,'B IY',s,'IY'
my,'M AY',s,'AY'
you,'Y UW',s,'UW'
be,'B IY',s,'IY'
to,'T UW',s,'UW'
at,'AE T',s,'AE'
intent,'IH N T EH N T',s,'IH'
by,'B AY',s,'AY'
what,'W AH T',s,''
did,'D IH D',s,'IH'
befall,'B IH F AO L',s,'IH AO'
me,'M IY',s,'IY'
your,'Y AO R',s,'AO'
and,'AH N D',s,''
wars,'W AO R Z',s,'AO'
upon,'AH P AA N',s,'AA'
me,'M IY',s,'IY'
and,'AH N D',s,''
their,'DH EH R',s,''
was,'W AA Z',s,'AA'
for,'F AO R',s,'AO'
you,'Y UW',s,'UW'
you,'Y UW',s,'UW'
wre,'W ER',s,''
the,'DH AH',s,''
of,'AH V',s,''
war,'W AO R',s,'AO'
you,'Y UW',s,'UW'
by,'B AY',s,'AY'
defects,'D IH F e K T S',s,'IH'
of,'AH V',s,''
to,'T UW',s,'UW'
me,'M IY',s,'IY'
but,'B AH T',s,''
you,'Y UW',s,'UW'
up,'AH P',s,''
your,'Y AO R',s,'AO'
i,'AY',s,'AY'
to,'T UW',s,'UW'
you,'Y UW',s,'UW'
when,'ʍ e N',s,''
rioting,'R AY AH T IH NG',s,'AY IH'
in,'IH N',s,'IH'
you,'Y UW',s,'UW'
did,'D IH D',s,'IH'
pocket,'P AA K AH T',s,'AA'
up,'AH P',s,''
my,'M AY',s,'AY'
and,'AH N D',s,''
with,'W IH DH',s,'IH'
taunts,'T AO N T S',s,'AO'
did,'D IH D',s,'IH'
my,'M AY',s,'AY'
out,'AW T',s,''
of,'AH V',s,''
you,'Y UW',s,'UW'
broken,'B R OW K AH N',s,''
the,'DH AH',s,''
of,'AH V',s,''
your,'Y AO R',s,'AO'
oath,'OW TH',s,''
you,'Y UW',s,'UW'
shall,'SH AE L',s,'AE'
never,'N e V ǝ R',s,''
to,'T UW',s,'UW'
me,'M IY',s,'IY'
with,'W IH DH',s,'IH'
to,'T UW',s,'UW'
lend,'L EH N D',s,''
me,'M IY',s,'IY'
arms,'AA R M Z',s,'AA'
and,'AH N D',s,''
aid,'EH D',s,''
when,'ʍ e N',s,''
i,'AY',s,'AY'
them,'DH EH M',s,''
the,'DH AH',s,''
you,'Y UW',s,'UW'
both,'B OW TH',s,''
i,'AY',s,'AY'
do,'D OW',s,''
not,'N AA T',s,'AA'
the,'DH AH',s,''
matter,'M AW T ǝ R',s,''
but,'B AH T',s,''
the,'DH AH',s,''
of,'AH V',s,''
his,'HH IH Z',s,'IH'
speech,'S P IY CH',s,'IY'
for,'F AO R',s,'AO'
cannot,'K AE N AA T',s,'AE AA'
be,'B IY',s,'IY'
we,'W IY',s,'IY'
shall,'SH AE L',s,'AE'
remain,'r IH M EH N',s,'IH'
in,'IH N',s,'IH'
friendship,'F R EH N D SH IH P',s,'IH'
our,'OW R',s,''
conditions,'K AH N D IH SH AH N Z',s,'IH'
so,'S OW',s,''
in,'IH N',s,'IH'
their,'DH EH R',s,''
acts,'AE K T S',s,'AE'
yet,'Y EH T',s,''
if,'IH F',s,'IH'
i,'AY',s,'AY'
what,'W AH T',s,''
us,'AH S',s,''
staunch,'S T AO N CH',s,'AO'
from,'F R AH M',s,''
ege,'EH JH',s,''
to,'T UW',s,'UW'
ege,'EH JH',s,''
i,'AY',s,'AY'
it,'IH T',s,'IH'
speak,'S P IY K',s,'IY'
agrippa,'AH G R IH P AH',s,'IH'
not,'N AA T',s,'AA'
so,'S OW',s,''
agrippa,'AH G R IH P AH',s,'IH'
if,'IH F',s,'IH'
you,'Y UW',s,'UW'
your,'Y AO R',s,'AO'
reproof,'r IH P r ɤ F',s,'IH'
wre,'W ER',s,''
well,'W EH L',s,''
deserved,'D IH Z ɐ R V IH D',s,'IH IH'
of,'AH V',s,''
not,'N AA T',s,'AA'
till,'T IH L',s,'IH'
he,'HH IY',s,'IY'
antony,'AE N T AH N IY',s,'AE IY'
is,'IH Z',s,'IH'
with,'W IH DH',s,'IH'
what,'W AH T',s,''
is,'IH Z',s,'IH'
the,'DH AH',s,''
of,'AH V',s,''
and,'AH N D',s,''
his,'HH IH Z',s,'IH'
unto,'AH N T UW',s,'UW'
my,'M AY',s,'AY'
a,'AH',s,''
i,'AY',s,'AY'
you,'Y UW',s,'UW'
whom,'HH UW M',s,'UW'
no,'N OW',s,''
did,'D IH D',s,'IH'
so,'S OW',s,''
dearly,'D IH R L IY',s,'IH IY'
let,'L EH T',s,''
to,'T UW',s,'UW'
join,'JH OY N',s,''
our,'OW R',s,''
and,'AH N D',s,''
our,'OW R',s,''
hearts,'HH AA R T S',s,'AA'
and,'AH N D',s,''
never,'N e V ǝ R',s,''
off,'AO F',s,'AO'
our,'OW R',s,''
again,'ǝ ɡ EH N',s,''
the,'DH AH',s,''
misena,'M IH S IY N ǝ',s,'IH IY'
great,'G r e T',s,''
and,'AH N D',s,''
but,'B AH T',s,''
by,'B AY',s,'AY'
sea,'S IY',s,'IY'
he,'HH IY',s,'IY'
is,'IH Z',s,'IH'
an,'AE N',s,'AE'
master,'M AW S T ǝ R',s,''
with,'W IH DH',s,'IH'
most,'M OW S T',s,''
and,'AH N D',s,''
do,'D OW',s,''
you,'Y UW',s,'UW'
to,'T UW',s,'UW'
my,'M AY',s,'AY'
view,'V Y UW',s,'UW'
lead,'L EH D',s,''
you,'Y UW',s,'UW'
most,'M OW S T',s,''
meet,'M IY T',s,'IY'
that,'DH AE T',s,'AE'
we,'W IY',s,'IY'
to,'T UW',s,'UW'
and,'AH N D',s,''
therefre,'DH EH R F AO R',s,'AO'
we,'W IY',s,'IY'
our,'OW R',s,''
written,'R IH T AH N',s,'IH'
purposes,'P ɐ R P ǝ S IH Z',s,'IH'
us,'AH S',s,''
sent,'S EH N T',s,''
if,'IH F',s,'IH'
thou,'DH AW',s,''
hast,'HH AE S T',s,'AE'
let,'L EH T',s,''
us,'AH S',s,''
if,'IH F',s,'IH'
up,'AH P',s,''
and,'AH N D',s,''
carrry,'K AW r ǝ IH',s,'IH'
back,'B AE K',s,'AE'
to,'T UW',s,'UW'
sicily,'S IH S AH L IY',s,'IH IY'
tall,'T AO L',s,'AO'
youth,'Y UW TH',s,'UW'
that,'DH AE T',s,'AE'
must,'M AH S T',s,''
perish,'P EH R IH SH',s,'IH'
your,'Y AO R',s,'AO'
the,'DH AH',s,''
and,'AH N D',s,''
what,'W AH T',s,''
to,'T UW',s,'UW'
a,'AH',s,''
our,'OW R',s,''
offer,'ɒ F ǝ R',s,''
i,'AY',s,'AY'
you,'Y UW',s,'UW'
last,'L AE S T',s,'AE'
a,'AH',s,''
upon,'AH P AA N',s,'AA'
you,'Y UW',s,'UW'
the,'DH AH',s,''
to,'T UW',s,'UW'
do,'D OW',s,''
's,'EH S',s,''
the,'DH AH',s,''
will,'W IH L',s,'IH'
this,'DH IH S',s,'IH'
him,'HH IH M',s,'IH'
i,'AY',s,'AY'
well,'W EH L',s,''
forbear,'F ǝ R B EH R',s,''
when,'ʍ e N',s,''
i,'AY',s,'AY'
wash,'W AA SH',s,'AA'
my,'M AY',s,'AY'
brain,'B r EH N',s,''
and,'AH N D',s,''
it,'IH T',s,'IH'
possess,'P AH Z EH S',s,''
it,'IH T',s,'IH'
but,'B AH T',s,''
i,'AY',s,'AY'
had,'HH AE D',s,'AE'
fast,'F AW S T',s,''
from,'F R AH M',s,''
all,'AA L',s,'AA'
four,'F AO R',s,'AO'
than,'DH AE N',s,'AE'
drink,'D R IH NG K',s,'IH'
so,'S OW',s,''
in,'IH N',s,'IH'
cup,'K ɤ P',s,''
us,'AH S',s,''
till,'T IH L',s,'IH'
the,'DH AH',s,''
go,'G OW',s,''
cup,'K ɤ P',s,''
us,'AH S',s,''
till,'T IH L',s,'IH'
the,'DH AH',s,''
go,'G OW',s,''
what,'W AH T',s,''
you,'Y UW',s,'UW'
good,'G UH D',s,'UH'
let,'L EH T',s,''
me,'M IY',s,'IY'
you,'Y UW',s,'UW'
off,'AO F',s,'AO'
our,'OW R',s,''
frowns,'F r ǝ UH N Z',s,'UH'
at,'AE T',s,'AE'
this,'DH IH S',s,'IH'
lords,'L AO R D Z',s,'AO'
part,'P AA R T',s,'AA'
you,'Y UW',s,'UW'
see,'S IY',s,'IY'
we,'W IY',s,'IY'
our,'OW R',s,''
cheeks,'CH IY K S',s,'IY'
is,'IH Z',s,'IH'
than,'DH AE N',s,'AE'
the,'DH AH',s,''
and,'AH N D',s,''
splits,'S P L IH T S',s,'IH'
what,'W AH T',s,''
it,'IH T',s,'IH'
speaks,'S P IY K S',s,'IY'
the,'DH AH',s,''
hath,'HH AE TH',s,'AE'
almost,'AA L M OW S T',s,'AA'
us,'AH S',s,''
all,'AA L',s,'AA'
what,'W AH T',s,''
needs,'N IY D Z',s,'IY'
good,'G UH D',s,'UH'
antony,'AE N T AH N IY',s,'AE IY'
your,'Y AO R',s,'AO'
you,'Y UW',s,'UW'
from,'F R AH M',s,''
me,'M IY',s,'IY'
a,'AH',s,''
great,'G r e T',s,''
part,'P AA R T',s,'AA'
of,'AH V',s,''
myself,'M AY S EH L F',s,'AY'
me,'M IY',s,'IY'
well,'W EH L',s,''
in,'IH N',s,'IH'
a,'AH',s,''
as,'AE Z',s,'AE'
my,'M AY',s,'AY'
thee,'DH IY',s,'IY'
and,'AH N D',s,''
as,'AE Z',s,'AE'
my,'M AY',s,'AY'
farthest,'F AA R DH AH S T',s,'AA'
bond,'B AA N D',s,'AA'
shall,'SH AE L',s,'AE'
pass,'P AE S',s,'AE'
on,'AA N',s,'AA'
antony,'AE N T AH N IY',s,'AE IY'
let,'L EH T',s,''
not,'N AA T',s,'AA'
the,'DH AH',s,''
of,'AH V',s,''
is,'IH Z',s,'IH'
set,'S EH T',s,''
us,'AH S',s,''
as,'AE Z',s,'AE'
the,'DH AH',s,''
cement,'S AH M EH N T',s,''
of,'AH V',s,''
our,'OW R',s,''
to,'T UW',s,'UW'
keep,'K IY P',s,'IY'
it,'IH T',s,'IH'
be,'B IY',s,'IY'
the,'DH AH',s,''
ram,'R AE M',s,'AE'
to,'T UW',s,'UW'
the,'DH AH',s,''
fortress,'F AO R T r ǝ S',s,'AO'
of,'AH V',s,''
it,'IH T',s,'IH'
for,'F AO R',s,'AO'
better,'B e T ə R',s,''
we,'W IY',s,'IY'
this,'DH IH S',s,'IH'
mean,'M IY N',s,'IY'
if,'IH F',s,'IH'
on,'AA N',s,'AA'
both,'B OW TH',s,''
parts,'P AA R T S',s,'AA'
this,'DH IH S',s,'IH'
be,'B IY',s,'IY'
not,'N AA T',s,'AA'
i,'AY',s,'AY'
said,'S EH D',s,''
my,'M AY',s,'AY'
dearest,'D IY R ǝ S T',s,'IY'
thee,'DH IY',s,'IY'
well,'W EH L',s,''
the,'DH AH',s,''
be,'B IY',s,'IY'
to,'T UW',s,'UW'
thee,'DH IY',s,'IY'
and,'AH N D',s,''
spirits,'S P IH R AH T S',s,'IH'
all,'AA L',s,'AA'
of,'AH V',s,''
comfort,'K ɤ M F ǝ R T',s,''
thee,'DH IY',s,'IY'
well,'W EH L',s,''
what,'W AH T',s,''
no,'N OW',s,''
sweet,'S W IY T',s,'IY'
you,'Y UW',s,'UW'
shall,'SH AE L',s,'AE'
from,'F R AH M',s,''
me,'M IY',s,'IY'
still,'S T IH L',s,'IH'
the,'DH AH',s,''
shall,'SH AE L',s,'AE'
not,'N AA T',s,'AA'
my,'M AY',s,'AY'
on,'AA N',s,'AA'
you,'Y UW',s,'UW'
adieu,'AH D UW',s,'UW'
be,'B IY',s,'IY'
he,'HH IY',s,'IY'
all,'AA L',s,'AA'
this,'DH IH S',s,'IH'
and,'AH N D',s,''
in,'IH N',s,'IH'
the,'DH AH',s,''
of,'AH V',s,''
on,'AA N',s,'AA'
a,'AH',s,''
and,'AH N D',s,''
himself,'HH IH M S EH L F',s,'IH'
in,'IH N',s,'IH'
chairs,'CH EH R Z',s,''
of,'AH V',s,''
gold,'G OW L D',s,''
wre,'W ER',s,''
publicly,'P AH B L IH K L IY',s,'IH IY'
at,'AE T',s,'AE'
the,'DH AH',s,''
feet,'F IY T',s,'IY'
sat,'S AE T',s,'AE'
whom,'HH UW M',s,'UW'
call,'K AO L',s,'AO'
my,'M AY',s,'AY'
son,'S AO ̃',s,'AO'
and,'AH N D',s,''
all,'AA L',s,'AA'
the,'DH AH',s,''
that,'DH AE T',s,'AE'
their,'DH EH R',s,''
lust,'L AH S T',s,''
then,'DH EH N',s,''
hath,'HH AE TH',s,'AE'
between,'B IH T W IY N',s,'IH IY'
them,'DH EH M',s,''
unto,'AH N T UW',s,'UW'
he,'HH IY',s,'IY'
the,'DH AH',s,''
of,'AH V',s,''
egypt,'IY JH AH P T',s,'IY'
of,'AH V',s,''
lower,'L OW · ǝ R',s,''
cyprus,'S IH P r ǝ S',s,'IH'
common,'K AA M AH N',s,'AA'
showplce,'SH OW P L EY S',s,'EY'
his,'HH IH Z',s,'IH'
sons,'S AH N Z',s,''
he,'HH IY',s,'IY'
the,'DH AH',s,''
of,'AH V',s,''
great,'G r e T',s,''
and,'AH N D',s,''
he,'HH IY',s,'IY'
to,'T UW',s,'UW'
alexander,'AE L AH G Z AE N D ER',s,'AE AE'
to,'T UW',s,'UW'
he,'HH IY',s,'IY'
cilicia,'S IH L IH SH AH',s,'IH IH'
and,'AH N D',s,''
she,'SH IY',s,'IY'
in,'IH N',s,'IH'
habiliments,'AW B IH L IH ˌ M e N T S',s,'IH IH'
of,'AH V',s,''
the,'DH AH',s,''
goddess,'G ɒ D e S',s,''
that,'DH AE T',s,'AE'
and,'AH N D',s,''
oft,'AO F T',s,'AO'
as,'AE Z',s,'AE'
reported,'R IY P AO R T AH D',s,'IY AO'
so,'S OW',s,''
the,'DH AH',s,''
it,'IH T',s,'IH'
and,'AH N D',s,''
his,'HH IH Z',s,'IH'
and,'AH N D',s,''
that,'DH AE T',s,'AE'
in,'IH N',s,'IH'
sicily,'S IH S AH L IY',s,'IH IY'
we,'W IY',s,'IY'
had,'HH AE D',s,'AE'
not,'N AA T',s,'AA'
rated,'r EH T IH D',s,'IH'
him,'HH IH M',s,'IH'
his,'HH IH Z',s,'IH'
part,'P AA R T',s,'AA'
then,'DH EH N',s,''
does,'D AH Z',s,''
he,'HH IY',s,'IY'
he,'HH IY',s,'IY'
lent,'L EH N T',s,''
me,'M IY',s,'IY'
he,'HH IY',s,'IY'
frets,'F R EH T S',s,''
that,'DH AE T',s,'AE'
lepidus,'L e P IH D ǝ S',s,'IH'
of,'AH V',s,''
the,'DH AH',s,''
be,'B IY',s,'IY'
deposed,'D IH P OW Z IH D',s,'IH IH'
and,'AH N D',s,''
being,'B IY IH NG',s,'IY IH'
that,'DH AE T',s,'AE'
we,'W IY',s,'IY'
detain,'D IH T EH N',s,'IH'
all,'AA L',s,'AA'
his,'HH IH Z',s,'IH'
and,'AH N D',s,''
the,'DH AH',s,''
i,'AY',s,'AY'
told,'T OW L D',s,''
him,'HH IH M',s,'IH'
lepidus,'L e P IH D ǝ S',s,'IH'
was,'W AA Z',s,'AA'
too,'T UW',s,'UW'
that,'DH AE T',s,'AE'
he,'HH IY',s,'IY'
his,'HH IH Z',s,'IH'
abused,'ǝ B Y UW Z D',s,'UW'
and,'AH N D',s,''
did,'D IH D',s,'IH'
his,'HH IH Z',s,'IH'
for,'F AO R',s,'AO'
what,'W AH T',s,''
i,'AY',s,'AY'
i,'AY',s,'AY'
grant,'G r AO N T',s,'AO'
him,'HH IH M',s,'IH'
part,'P AA R T',s,'AA'
but,'B AH T',s,''
then,'DH EH N',s,''
in,'IH N',s,'IH'
his,'HH IH Z',s,'IH'
and,'AH N D',s,''
of,'AH V',s,''
his,'HH IH Z',s,'IH'
i,'AY',s,'AY'
demand,'D IH M AW N D',s,'IH'
the,'DH AH',s,''
nor,'N AO R',s,'AO'
must,'M AH S T',s,''
not,'N AA T',s,'AA'
then,'DH EH N',s,''
be,'B IY',s,'IY'
yielded,'Y IY L D AH D',s,'IY'
to,'T UW',s,'UW'
in,'IH N',s,'IH'
this,'DH IH S',s,'IH'
that,'DH AE T',s,'AE'
i,'AY',s,'AY'
call,'K AO L',s,'AO'
thee,'DH IY',s,'IY'
castaway,'K AW S T ǝ ˌ W EH',s,''
whhy,'ʍ ǝ IH',s,'IH'
you,'Y UW',s,'UW'
upon,'AH P AA N',s,'AA'
us,'AH S',s,''
thus,'DH ɤ S',s,''
you,'Y UW',s,'UW'
not,'N AA T',s,'AA'
the,'DH AH',s,''
of,'AH V',s,''
antony,'AE N T AH N IY',s,'AE IY'
an,'AE N',s,'AE'
for,'F AO R',s,'AO'
an,'AE N',s,'AE'
usher,'ɤ SH ǝ R',s,''
and,'AH N D',s,''
the,'DH AH',s,''
of,'AH V',s,''
to,'T UW',s,'UW'
tell,'T EH L',s,''
of,'AH V',s,''
appproach,'ǝ P r OW T SH',s,''
she,'SH IY',s,'IY'
did,'D IH D',s,'IH'
appear,'ǝ P IY R',s,'IY'
the,'DH AH',s,''
trees,'T R IY Z',s,'IY'
by,'B AY',s,'AY'
men,'M EH N',s,''
and,'AH N D',s,''
fainted,'F EH N T IH D',s,'IH'
for,'F AO R',s,'AO'
what,'W AH T',s,''
it,'IH T',s,'IH'
had,'HH AE D',s,'AE'
not,'N AA T',s,'AA'
the,'DH AH',s,''
dust,'D AH S T',s,''
ascended,'AH S EH N D AH D',s,''
to,'T UW',s,'UW'
the,'DH AH',s,''
roof,'R UW F',s,'UW'
of,'AH V',s,''
heaven,'HH EH V AH N',s,''
by,'B AY',s,'AY'
your,'Y AO R',s,'AO'
troops,'T R UW P S',s,'UW'
but,'B AH T',s,''
you,'Y UW',s,'UW'
a,'AH',s,''
to,'T UW',s,'UW'
and,'AH N D',s,''
prevented,'P R IH V EH N T IH D',s,'IH IH'
the,'DH AH',s,''
of,'AH V',s,''
our,'OW R',s,''
left,'L EH F T',s,''
is,'IH Z',s,'IH'
left,'L EH F T',s,''
we,'W IY',s,'IY'
met,'M EH T',s,''
you,'Y UW',s,'UW'
by,'B AY',s,'AY'
sea,'S IY',s,'IY'
and,'AH N D',s,''
land,'L AE N D',s,'AE'
every,'e V r ǝ IH',s,'IH'
with,'W IH DH',s,'IH'
an,'AE N',s,'AE'
augmented,'AA G M EH N T AH D',s,'AA'
soon,'S UW N',s,'UW'
he,'HH IY',s,'IY'
granted,'G R AE N T AH D',s,'AE'
being,'B IY IH NG',s,'IY IH'
an,'AE N',s,'AE'
abstract,'AE B S T R AE K T',s,'AE AE'
his,'HH IH Z',s,'IH'
lust,'L AH S T',s,''
and,'AH N D',s,''
him,'HH IH M',s,'IH'
i,'AY',s,'AY'
upon,'AH P AA N',s,'AA'
him,'HH IH M',s,'IH'
and,'AH N D',s,''
his,'HH IH Z',s,'IH'
affairs,'AH F EH R Z',s,''
to,'T UW',s,'UW'
me,'M IY',s,'IY'
on,'AA N',s,'AA'
the,'DH AH',s,''
is,'IH Z',s,'IH'
he,'HH IY',s,'IY'
no,'N OW',s,''
my,'M AY',s,'AY'
most,'M OW S T',s,''
hath,'HH AE TH',s,'AE'
nodded,'N AA D AH D',s,'AA'
him,'HH IH M',s,'IH'
to,'T UW',s,'UW'
he,'HH IY',s,'IY'
hath,'HH AE TH',s,'AE'
given,'G IH V AH N',s,'IH'
his,'HH IH Z',s,'IH'
up,'AH P',s,''
to,'T UW',s,'UW'
a,'AH',s,''
who,'HH UW',s,'UW'
the,'DH AH',s,''
for,'F AO R',s,'AO'
war,'W AO R',s,'AO'
he,'HH IY',s,'IY'
hath,'HH AE TH',s,'AE'
assembled,'AH S EH M B AH L D',s,''
the,'DH AH',s,''
of,'AH V',s,''
libya,'L IH B IY AH',s,'IH IY'
of,'AH V',s,''
of,'AH V',s,''
the,'DH AH',s,''
of,'AH V',s,''
arabia,'ER EY B IY AH',s,'EY IY'
of,'AH V',s,''
pont,'P AA N T',s,'AA'
of,'AH V',s,''
mithhridates,'ˌ M IH T r IH D AA T IY Z',s,'IH IH AA IY'
of,'AH V',s,''
and,'AH N D',s,''
amyntas,'ǝ M IH N T ǝ S',s,'IH'
the,'DH AH',s,''
of,'AH V',s,''
and,'AH N D',s,''
with,'W IH DH',s,'IH'
a,'AH',s,''
list,'L IH S T',s,'IH'
of,'AH V',s,''
your,'Y AO R',s,'AO'
did,'D IH D',s,'IH'
our,'OW R',s,''
forth,'F AO R TH',s,'AO'
till,'T IH L',s,'IH'
we,'W IY',s,'IY'
both,'B OW TH',s,''
you,'Y UW',s,'UW'
wre,'W ER',s,''
led,'L EH D',s,''
and,'AH N D',s,''
we,'W IY',s,'IY'
in,'IH N',s,'IH'
negligent,'N EH G L AH JH AH N T',s,''
your,'Y AO R',s,'AO'
heart,'HH AA R T',s,'AA'
be,'B IY',s,'IY'
you,'Y UW',s,'UW'
not,'N AA T',s,'AA'
troubled,'T r ɤ B ǝ L D',s,''
with,'W IH DH',s,'IH'
the,'DH AH',s,''
your,'Y AO R',s,'AO'
content,'K ǝ N T e N T',s,''
necessities,'N AH S EH S IH T IY Z',s,'IH IY'
but,'B AH T',s,''
let,'L EH T',s,''
to,'T UW',s,'UW'
destiny,'D e S T N ǝ IH',s,'IH'
unbewailed,'ˌ ɤ N B IH W EH L D',s,'IH'
their,'DH EH R',s,''
to,'T UW',s,'UW'
dear,'D IY R',s,'IY'
to,'T UW',s,'UW'
me,'M IY',s,'IY'
you,'Y UW',s,'UW'
abused,'ǝ B Y UW Z D',s,'UW'
the,'DH AH',s,''
mark,'M AA R K',s,'AA'
of,'AH V',s,''
and,'AH N D',s,''
the,'DH AH',s,''
gods,'G AA D Z',s,'AA'
to,'T UW',s,'UW'
do,'D OW',s,''
you,'Y UW',s,'UW'
his,'HH IH Z',s,'IH'
ministers,'M IH N IH S T ǝ R Z',s,'IH IH'
of,'AH V',s,''
us,'AH S',s,''
and,'AH N D',s,''
that,'DH AE T',s,'AE'
you,'Y UW',s,'UW'
best,'B EH S T',s,''
of,'AH V',s,''
comfort,'K ɤ M F ǝ R T',s,''
and,'AH N D',s,''
to,'T UW',s,'UW'
us,'AH S',s,''
most,'M OW S T',s,''
certain,'S ɐ R T ǝ N',s,''
you,'Y UW',s,'UW'
be,'B IY',s,'IY'
to,'T UW',s,'UW'
my,'M AY',s,'AY'
taurus,'T AO R AH S',s,'AO'
not,'N AA T',s,'AA'
by,'B AY',s,'AY'
land,'L AE N D',s,'AE'
keep,'K IY P',s,'IY'
not,'N AA T',s,'AA'
till,'T IH L',s,'IH'
we,'W IY',s,'IY'
at,'AE T',s,'AE'
sea,'S IY',s,'IY'
do,'D OW',s,''
not,'N AA T',s,'AA'
exceed,'IH K S IY D',s,'IH IY'
the,'DH AH',s,''
of,'AH V',s,''
this,'DH IH S',s,'IH'
sccroll,'S K R OW L',s,''
our,'OW R',s,''
upon,'AH P AA N',s,'AA'
this,'DH IH S',s,'IH'
let,'L EH T',s,''
him,'HH IH M',s,'IH'
appear,'ǝ P IY R',s,'IY'
from,'F R AH M',s,''
antony,'AE N T AH N IY',s,'AE IY'
you,'Y UW',s,'UW'
him,'HH IH M',s,'IH'
appproach,'ǝ P r OW T SH',s,''
and,'AH N D',s,''
speak,'S P IY K',s,'IY'
be,'B IY',s,'IY'
so,'S OW',s,''
for,'F AO R',s,'AO'
antony,'AE N T AH N IY',s,'AE IY'
i,'AY',s,'AY'
no,'N OW',s,''
ears,'IY R Z',s,'IY'
to,'T UW',s,'UW'
his,'HH IH Z',s,'IH'
the,'DH AH',s,''
of,'AH V',s,''
nor,'N AO R',s,'AO'
shall,'SH AE L',s,'AE'
fail,'F EH L',s,''
so,'S OW',s,''
she,'SH IY',s,'IY'
from,'F R AH M',s,''
egypt,'IY JH AH P T',s,'IY'
friend,'F R EH N D',s,''
or,'AO R',s,'AO'
his,'HH IH Z',s,'IH'
this,'DH IH S',s,'IH'
if,'IH F',s,'IH'
she,'SH IY',s,'IY'
perform,'P ǝ R F AO R M',s,'AO'
she,'SH IY',s,'IY'
shall,'SH AE L',s,'AE'
not,'N AA T',s,'AA'
sue,'S UW',s,'UW'
so,'S OW',s,''
to,'T UW',s,'UW'
them,'DH EH M',s,''
both,'B OW TH',s,''
him,'HH IH M',s,'IH'
the,'DH AH',s,''
bands,'B AE N D Z',s,'AE'
to,'T UW',s,'UW'
from,'F R AH M',s,''
antony,'AE N T AH N IY',s,'AE IY'
win,'W IH N',s,'IH'
and,'AH N D',s,''
in,'IH N',s,'IH'
our,'OW R',s,''
what,'W AH T',s,''
she,'SH IY',s,'IY'
requires,'R IY K W AY ER Z',s,'IY AY'
add,'AE D',s,'AE'
from,'F R AH M',s,''
offers,'ɒ F ǝ R Z',s,''
women,'W IH M AH N',s,'IH'
not,'N AA T',s,'AA'
in,'IH N',s,'IH'
their,'DH EH R',s,''
best,'B EH S T',s,''
but,'B AH T',s,''
want,'W AA N T',s,'AA'
will,'W IH L',s,'IH'
the,'DH AH',s,''
vestal,'V e S T AA L',s,'AA'
edict,'e D IH K T',s,'IH'
for,'F AO R',s,'AO'
pains,'P EH N Z',s,''
we,'W IY',s,'IY'
will,'W IH L',s,'IH'
as,'AE Z',s,'AE'
a,'AH',s,''
obseve,'AH B Z ER V',s,''
antony,'AE N T AH N IY',s,'AE IY'
his,'HH IH Z',s,'IH'
and,'AH N D',s,''
what,'W AH T',s,''
thou,'DH AW',s,''
his,'HH IH Z',s,'IH'
very,'V EH R IY',s,'IY'
action,'AE K SH AH N',s,'AE'
speaks,'S P IY K S',s,'IY'
in,'IH N',s,'IH'
every,'e V r ǝ IH',s,'IH'
that,'DH AE T',s,'AE'
he,'HH IY',s,'IY'
me,'M IY',s,'IY'
and,'AH N D',s,''
as,'AE Z',s,'AE'
he,'HH IY',s,'IY'
had,'HH AE D',s,'AE'
to,'T UW',s,'UW'
beat,'B IY T',s,'IY'
me,'M IY',s,'IY'
out,'AW T',s,''
of,'AH V',s,''
egypt,'IY JH AH P T',s,'IY'
my,'M AY',s,'AY'
he,'HH IY',s,'IY'
hath,'HH AE TH',s,'AE'
with,'W IH DH',s,'IH'
rods,'R AA D Z',s,'AA'
me,'M IY',s,'IY'
to,'T UW',s,'UW'
combat,'K AA M B AE T',s,'AA AE'
to,'T UW',s,'UW'
antony,'AE N T AH N IY',s,'AE IY'
let,'L EH T',s,''
the,'DH AH',s,''
old,'OW L D',s,''
i,'AY',s,'AY'
to,'T UW',s,'UW'
at,'AE T',s,'AE'
his,'HH IH Z',s,'IH'
let,'L EH T',s,''
our,'OW R',s,''
best,'B EH S T',s,''
heads,'HH EH D Z',s,''
that,'DH AE T',s,'AE'
the,'DH AH',s,''
last,'L AE S T',s,'AE'
of,'AH V',s,''
we,'W IY',s,'IY'
mean,'M IY N',s,'IY'
to,'T UW',s,'UW'
within,'W IH DH IH N',s,'IH IH'
our,'OW R',s,''
of,'AH V',s,''
that,'DH AE T',s,'AE'
mark,'M AA R K',s,'AA'
antony,'AE N T AH N IY',s,'AE IY'
but,'B AH T',s,''
to,'T UW',s,'UW'
him,'HH IH M',s,'IH'
in,'IH N',s,'IH'
see,'S IY',s,'IY'
it,'IH T',s,'IH'
and,'AH N D',s,''
feast,'F e S T',s,''
the,'DH AH',s,''
we,'W IY',s,'IY'
to,'T UW',s,'UW'
do,'D OW',s,''
and,'AH N D',s,''
the,'DH AH',s,''
poor,'P UH R',s,'UH'
antony,'AE N T AH N IY',s,'AE IY'
go,'G OW',s,''
forth,'F AO R TH',s,'AO'
agrippa,'AH G R IH P AH',s,'IH'
and,'AH N D',s,''
begin,'B IH G IH N',s,'IH IH'
the,'DH AH',s,''
our,'OW R',s,''
will,'W IH L',s,'IH'
is,'IH Z',s,'IH'
antony,'AE N T AH N IY',s,'AE IY'
be,'B IY',s,'IY'
took,'T UH K',s,'UH'
it,'IH T',s,'IH'
so,'S OW',s,''
the,'DH AH',s,''
of,'AH V',s,''
universal,'Y UW N AH V ER S AH L',s,'UW'
is,'IH Z',s,'IH'
near,'N IY R',s,'IY'
this,'DH IH S',s,'IH'
a,'AH',s,''
the,'DH AH',s,''
shall,'SH AE L',s,'AE'
bear,'B EH R',s,''
the,'DH AH',s,''
freely,'F R IY L IY',s,'IY IY'
go,'G OW',s,''
agrippa,'AH G R IH P AH',s,'IH'
plant,'P L AW N T',s,''
that,'DH AE T',s,'AE'
revolted,'r IH V ɒ L T IH D',s,'IH IH'
in,'IH N',s,'IH'
the,'DH AH',s,''
that,'DH AE T',s,'AE'
antony,'AE N T AH N IY',s,'AE IY'
seem,'S IY M',s,'IY'
to,'T UW',s,'UW'
spend,'S P EH N D',s,''
his,'HH IH Z',s,'IH'
upon,'AH P AA N',s,'AA'
himself,'HH IH M S EH L F',s,'IH'
but,'B AH T',s,''
being,'B IY IH NG',s,'IY IH'
we,'W IY',s,'IY'
will,'W IH L',s,'IH'
be,'B IY',s,'IY'
still,'S T IH L',s,'IH'
by,'B AY',s,'AY'
land,'L AE N D',s,'AE'
as,'AE Z',s,'AE'
i,'AY',s,'AY'
we,'W IY',s,'IY'
shall,'SH AE L',s,'AE'
for,'F AO R',s,'AO'
his,'HH IH Z',s,'IH'
best,'B EH S T',s,''
is,'IH Z',s,'IH'
forth,'F AO R TH',s,'AO'
to,'T UW',s,'UW'
man,'M AE N',s,'AE'
his,'HH IH Z',s,'IH'
to,'T UW',s,'UW'
the,'DH AH',s,''
and,'AH N D',s,''
our,'OW R',s,''
best,'B EH S T',s,''
go,'G OW',s,''
to,'T UW',s,'UW'
him,'HH IH M',s,'IH'
bid,'B IH D',s,'IH'
him,'HH IH M',s,'IH'
yield,'Y IY L D',s,'IY'
being,'B IY IH NG',s,'IY IH'
so,'S OW',s,''
frustrte,'F r ɤ S T r EH',s,''
tell,'T EH L',s,''
him,'HH IH M',s,'IH'
he,'HH IY',s,'IY'
the,'DH AH',s,''
pauses,'P AO Z AH Z',s,'AO'
that,'DH AE T',s,'AE'
he,'HH IY',s,'IY'
is,'IH Z',s,'IH'
that,'DH AE T',s,'AE'
and,'AH N D',s,''
what,'W AH T',s,''
art,'AA R T',s,'AA'
thou,'DH AW',s,''
that,'DH AE T',s,'AE'
appear,'ǝ P IY R',s,'IY'
thus,'DH ɤ S',s,''
to,'T UW',s,'UW'
us,'AH S',s,''
what,'W AH T',s,''
is,'IH Z',s,'IH'
thou,'DH AW',s,''
the,'DH AH',s,''
of,'AH V',s,''
so,'S OW',s,''
great,'G r e T',s,''
a,'AH',s,''
a,'AH',s,''
greater,'G r e T ǝ R',s,''
crack,'K R AE K',s,'AE'
the,'DH AH',s,''
shook,'SH UH K',s,'UH'
into,'IH N T UW',s,'IH UW'
civil,'S IH V AH L',s,'IH'
streets,'S T R IY T S',s,'IY'
and,'AH N D',s,''
citizens,'S IH T AH Z AH N Z',s,'IH'
to,'T UW',s,'UW'
their,'DH EH R',s,''
dens,'D EH N Z',s,''
the,'DH AH',s,''
death,'D EH TH',s,''
of,'AH V',s,''
antony,'AE N T AH N IY',s,'AE IY'
is,'IH Z',s,'IH'
not,'N AA T',s,'AA'
a,'AH',s,''
doom,'D ɤ M',s,''
in,'IH N',s,'IH'
the,'DH AH',s,''
a,'AH',s,''
of,'AH V',s,''
the,'DH AH',s,''
look,'L UH K',s,'UH'
you,'Y UW',s,'UW'
sad,'S AE D',s,'AE'
friends,'F R EH N D Z',s,''
the,'DH AH',s,''
gods,'G AA D Z',s,'AA'
me,'M IY',s,'IY'
but,'B AH T',s,''
it,'IH T',s,'IH'
is,'IH Z',s,'IH'
tidings,'T ǝ IH D IH N Z',s,'IH IH'
to,'T UW',s,'UW'
wash,'W AA SH',s,'AA'
the,'DH AH',s,''
of,'AH V',s,''
o,'OW',s,''
antony,'AE N T AH N IY',s,'AE IY'
i,'AY',s,'AY'
thee,'DH IY',s,'IY'
to,'T UW',s,'UW'
this,'DH IH S',s,'IH'
but,'B AH T',s,''
we,'W IY',s,'IY'
do,'D OW',s,''
diseases,'D IH S IY Z IH Z',s,'IH IY IH'
in,'IH N',s,'IH'
our,'OW R',s,''
bodies,'B AA D IY Z',s,'AA IY'
i,'AY',s,'AY'
must,'M AH S T',s,''
perfoce,'P ER F AO R S',s,'AO'
to,'T UW',s,'UW'
thee,'DH IY',s,'IY'
a,'AH',s,''
declining,'D IH K L ǝ IH N IH N',s,'IH IH IH'
or,'AO R',s,'AO'
look,'L UH K',s,'UH'
on,'AA N',s,'AA'
we,'W IY',s,'IY'
not,'N AA T',s,'AA'
stall,'S T AA L',s,'AA'
in,'IH N',s,'IH'
the,'DH AH',s,''
but,'B AH T',s,''
yet,'Y EH T',s,''
let,'L EH T',s,''
me,'M IY',s,'IY'
lament,'L ǝ M e N T',s,''
with,'W IH DH',s,'IH'
tears,'T EH R Z',s,''
as,'AE Z',s,'AE'
as,'AE Z',s,'AE'
the,'DH AH',s,''
blood,'B L AH D',s,''
of,'AH V',s,''
hearts,'HH AA R T S',s,'AA'
that,'DH AE T',s,'AE'
thou,'DH AW',s,''
my,'M AY',s,'AY'
my,'M AY',s,'AY'
in,'IH N',s,'IH'
top,'T AA P',s,'AA'
of,'AH V',s,''
all,'AA L',s,'AA'
design,'D IH Z ǝ IH N',s,'IH IH'
my,'M AY',s,'AY'
in,'IH N',s,'IH'
friend,'F R EH N D',s,''
and,'AH N D',s,''
in,'IH N',s,'IH'
the,'DH AH',s,''
front,'F r ɤ N T',s,''
of,'AH V',s,''
war,'W AO R',s,'AO'
the,'DH AH',s,''
arm,'AA R M',s,'AA'
of,'AH V',s,''
body,'B AA D IY',s,'AA IY'
and,'AH N D',s,''
the,'DH AH',s,''
heart,'HH AA R T',s,'AA'
his,'HH IH Z',s,'IH'
did,'D IH D',s,'IH'
our,'OW R',s,''
stars,'S T AA R Z',s,'AA'
our,'OW R',s,''
to,'T UW',s,'UW'
this,'DH IH S',s,'IH'
me,'M IY',s,'IY'
good,'G UH D',s,'UH'
friends,'F R EH N D Z',s,''
but,'B AH T',s,''
i,'AY',s,'AY'
will,'W IH L',s,'IH'
tell,'T EH L',s,''
you,'Y UW',s,'UW'
at,'AE T',s,'AE'
season,'S IY Z AH N',s,'IY'
the,'DH AH',s,''
of,'AH V',s,''
this,'DH IH S',s,'IH'
man,'M AE N',s,'AE'
looks,'L UH K S',s,'UH'
out,'AW T',s,''
of,'AH V',s,''
him,'HH IH M',s,'IH'
him,'HH IH M',s,'IH'
what,'W AH T',s,''
he,'HH IY',s,'IY'
you,'Y UW',s,'UW'
bid,'B IH D',s,'IH'
good,'G UH D',s,'UH'
heart,'HH AA R T',s,'AA'
she,'SH IY',s,'IY'
soon,'S UW N',s,'UW'
shall,'SH AE L',s,'AE'
of,'AH V',s,''
us,'AH S',s,''
by,'B AY',s,'AY'
of,'AH V',s,''
ours,'OW R Z',s,''
honorale,'AA N ER AH B AH L',s,'AA'
and,'AH N D',s,''
we,'W IY',s,'IY'
for,'F AO R',s,'AO'
for,'F AO R',s,'AO'
cannot,'K AE N AA T',s,'AE AA'
to,'T UW',s,'UW'
be,'B IY',s,'IY'
go,'G OW',s,''
and,'AH N D',s,''
we,'W IY',s,'IY'
no,'N OW',s,''
what,'W AH T',s,''
comforts,'K ɤ M F ǝ R T S',s,''
the,'DH AH',s,''
of,'AH V',s,''
passion,'P AE SH AH N',s,'AE'
shall,'SH AE L',s,'AE'
lest,'L EH S T',s,''
in,'IH N',s,'IH'
greatness,'G r e T N ǝ S',s,''
by,'B AY',s,'AY'
mortal,'M AO R T AA L',s,'AO AA'
she,'SH IY',s,'IY'
do,'D OW',s,''
defeat,'D IH F EH T',s,'IH'
us,'AH S',s,''
for,'F AO R',s,'AO'
in,'IH N',s,'IH'
be,'B IY',s,'IY'
in,'IH N',s,'IH'
our,'OW R',s,''
go,'G OW',s,''
and,'AH N D',s,''
with,'W IH DH',s,'IH'
your,'Y AO R',s,'AO'
us,'AH S',s,''
what,'W AH T',s,''
she,'SH IY',s,'IY'
and,'AH N D',s,''
you,'Y UW',s,'UW'
of,'AH V',s,''
gallus,'G AE L AH S',s,'AE'
go,'G OW',s,''
you,'Y UW',s,'UW'
to,'T UW',s,'UW'
second,'S EH K AH N D',s,''
let,'L EH T',s,''
him,'HH IH M',s,'IH'
for,'F AO R',s,'AO'
i,'AY',s,'AY'
he,'HH IY',s,'IY'
shall,'SH AE L',s,'AE'
in,'IH N',s,'IH'
be,'B IY',s,'IY'
ready,'R EH D IY',s,'IY'
go,'G OW',s,''
with,'W IH DH',s,'IH'
me,'M IY',s,'IY'
to,'T UW',s,'UW'
my,'M AY',s,'AY'
tent,'T EH N T',s,''
you,'Y UW',s,'UW'
shall,'SH AE L',s,'AE'
see,'S IY',s,'IY'
hardly,'HH AA R D L IY',s,'AA IY'
i,'AY',s,'AY'
was,'W AA Z',s,'AA'
into,'IH N T UW',s,'IH UW'
this,'DH IH S',s,'IH'
war,'W AO R',s,'AO'
and,'AH N D',s,''
i,'AY',s,'AY'
proceeded,'P R AH S IY D AH D',s,'IY'
still,'S T IH L',s,'IH'
in,'IH N',s,'IH'
all,'AA L',s,'AA'
my,'M AY',s,'AY'
writings,'r ǝ IH T IH N Z',s,'IH IH'
go,'G OW',s,''
with,'W IH DH',s,'IH'
me,'M IY',s,'IY'
and,'AH N D',s,''
see,'S IY',s,'IY'
what,'W AH T',s,''
i,'AY',s,'AY'
can,'K AE N',s,'AE'
in,'IH N',s,'IH'
this,'DH IH S',s,'IH'
is,'IH Z',s,'IH'
the,'DH AH',s,''
of,'AH V',s,''
egypt,'IY JH AH P T',s,'IY'
arse,'ER AY Z',s,'AY'
you,'Y UW',s,'UW'
shall,'SH AE L',s,'AE'
not,'N AA T',s,'AA'
i,'AY',s,'AY'
you,'Y UW',s,'UW'
egypt,'IY JH AH P T',s,'IY'
to,'T UW',s,'UW'
you,'Y UW',s,'UW'
no,'N OW',s,''
the,'DH AH',s,''
record,'r IH K AO R D',s,'IH AO'
of,'AH V',s,''
what,'W AH T',s,''
you,'Y UW',s,'UW'
did,'D IH D',s,'IH'
us,'AH S',s,''
written,'R IH T AH N',s,'IH'
in,'IH N',s,'IH'
our,'OW R',s,''
flesh,'F L EH SH',s,''
we,'W IY',s,'IY'
shall,'SH AE L',s,'AE'
as,'AE Z',s,'AE'
but,'B AH T',s,''
by,'B AY',s,'AY'
we,'W IY',s,'IY'
will,'W IH L',s,'IH'
than,'DH AE N',s,'AE'
if,'IH F',s,'IH'
you,'Y UW',s,'UW'
to,'T UW',s,'UW'
our,'OW R',s,''
intents,'IH N T EH N T S',s,'IH'
towards,'T AH W AO R D Z',s,'AO'
you,'Y UW',s,'UW'
most,'M OW S T',s,''
you,'Y UW',s,'UW'
shall,'SH AE L',s,'AE'
a,'AH',s,''
in,'IH N',s,'IH'
this,'DH IH S',s,'IH'
but,'B AH T',s,''
if,'IH F',s,'IH'
you,'Y UW',s,'UW'
seek,'S IY K',s,'IY'
to,'T UW',s,'UW'
on,'AA N',s,'AA'
me,'M IY',s,'IY'
a,'AH',s,''
cruelty,'K R UW L T IY',s,'UW IY'
by,'B AY',s,'AY'
you,'Y UW',s,'UW'
shall,'SH AE L',s,'AE'
berve,'B ER IY V',s,'IY'
of,'AH V',s,''
my,'M AY',s,'AY'
good,'G UH D',s,'UH'
purposes,'P ɐ R P ǝ S IH Z',s,'IH'
and,'AH N D',s,''
put,'P UH T',s,'UH'
your,'Y AO R',s,'AO'
children,'CH IH L D R AH N',s,'IH'
to,'T UW',s,'UW'
that,'DH AE T',s,'AE'
destruction,'D IH S T R AH K SH AH N',s,'IH'
guard,'G AA R D',s,'AA'
them,'DH EH M',s,''
from,'F R AH M',s,''
if,'IH F',s,'IH'
thereon,'DH EH R ɒ N',s,''
you,'Y UW',s,'UW'
rely,'R IH L AY',s,'IH AY'
my,'M AY',s,'AY'
you,'Y UW',s,'UW'
shall,'SH AE L',s,'AE'
me,'M IY',s,'IY'
in,'IH N',s,'IH'
all,'AA L',s,'AA'
for,'F AO R',s,'AO'
blush,'B L ɤ SH',s,''
not,'N AA T',s,'AA'
i,'AY',s,'AY'
appprve,'AH P R UW V',s,'UW'
your,'Y AO R',s,'AO'
wisdom,'W IH Z D AH M',s,'IH'
in,'IH N',s,'IH'
the,'DH AH',s,''
deed,'D IY D',s,'IY'
good,'G UH D',s,'UH'
let,'L EH T',s,''
us,'AH S',s,''
you,'Y UW',s,'UW'
forbear,'F ǝ R B EH R',s,''
not,'N AA T',s,'AA'
what,'W AH T',s,''
you,'Y UW',s,'UW'
nor,'N AO R',s,'AO'
what,'W AH T',s,''
put,'P UH T',s,'UH'
we,'W IY',s,'IY'
roll,'r OW L',s,''
of,'AH V',s,''
still,'S T IH L',s,'IH'
be,'B IY',s,'IY'
yours,'Y UH R Z',s,'UH'
it,'IH T',s,'IH'
at,'AE T',s,'AE'
your,'Y AO R',s,'AO'
pleasre,'P L EH ZH ER',s,''
and,'AH N D',s,''
no,'N OW',s,''
to,'T UW',s,'UW'
with,'W IH DH',s,'IH'
you,'Y UW',s,'UW'
of,'AH V',s,''
that,'DH AE T',s,'AE'
sold,'S OW L D',s,''
therefre,'DH EH R F AO R',s,'AO'
be,'B IY',s,'IY'
not,'N AA T',s,'AA'
your,'Y AO R',s,'AO'
your,'Y AO R',s,'AO'
prisons,'P R IH Z AH N Z',s,'IH'
no,'N OW',s,''
dear,'D IY R',s,'IY'
for,'F AO R',s,'AO'
we,'W IY',s,'IY'
intend,'IH N T EH N D',s,'IH'
so,'S OW',s,''
to,'T UW',s,'UW'
you,'Y UW',s,'UW'
as,'AE Z',s,'AE'
shall,'SH AE L',s,'AE'
us,'AH S',s,''
feed,'F IY D',s,'IY'
and,'AH N D',s,''
sleep,'S L IY P',s,'IY'
our,'OW R',s,''
and,'AH N D',s,''
is,'IH Z',s,'IH'
so,'S OW',s,''
upon,'AH P AA N',s,'AA'
you,'Y UW',s,'UW'
that,'DH AE T',s,'AE'
we,'W IY',s,'IY'
remain,'r IH M EH N',s,'IH'
your,'Y AO R',s,'AO'
friend,'F R EH N D',s,''
and,'AH N D',s,''
so,'S OW',s,''
adieu,'AH D UW',s,'UW'
not,'N AA T',s,'AA'
so,'S OW',s,''
adieu,'AH D UW',s,'UW'
bravest,'B R EY V AH S T',s,'EY'
at,'AE T',s,'AE'
the,'DH AH',s,''
last,'L AE S T',s,'AE'
she,'SH IY',s,'IY'
at,'AE T',s,'AE'
our,'OW R',s,''
purposes,'P ɐ R P ǝ S IH Z',s,'IH'
and,'AH N D',s,''
being,'B IY IH NG',s,'IY IH'
took,'T UH K',s,'UH'
the,'DH AH',s,''
of,'AH V',s,''
their,'DH EH R',s,''
i,'AY',s,'AY'
do,'D OW',s,''
not,'N AA T',s,'AA'
see,'S IY',s,'IY'
them,'DH EH M',s,''
bleed,'B L IY D',s,'IY'
poisoned,'P ǝ IH Z ǝ N D',s,'IH'
then,'DH EH N',s,''
o,'OW',s,''
weakness,'W IY K N AH S',s,'IY'
if,'IH F',s,'IH'
had,'HH AE D',s,'AE'
appear,'ǝ P IY R',s,'IY'
by,'B AY',s,'AY'
but,'B AH T',s,''
she,'SH IY',s,'IY'
looks,'L UH K S',s,'UH'
sleep,'S L IY P',s,'IY'
as,'AE Z',s,'AE'
she,'SH IY',s,'IY'
another,'ǝ N ɤ DH ǝ R',s,''
antony,'AE N T AH N IY',s,'AE IY'
in,'IH N',s,'IH'
of,'AH V',s,''
most,'M OW S T',s,''
that,'DH AE T',s,'AE'
so,'S OW',s,''
she,'SH IY',s,'IY'
died,'D AY D',s,'AY'
for,'F AO R',s,'AO'
me,'M IY',s,'IY'
she,'SH IY',s,'IY'
hath,'HH AE TH',s,'AE'
conclusions,'K AH N K L UW ZH AH N Z',s,'UW'
of,'AH V',s,''
to,'T UW',s,'UW'
up,'AH P',s,''
bed,'B EH D',s,''
and,'AH N D',s,''
bear,'B EH R',s,''
women,'W IH M AH N',s,'IH'
from,'F R AH M',s,''
the,'DH AH',s,''
she,'SH IY',s,'IY'
shall,'SH AE L',s,'AE'
be,'B IY',s,'IY'
by,'B AY',s,'AY'
antony,'AE N T AH N IY',s,'AE IY'
no,'N OW',s,''
upon,'AH P AA N',s,'AA'
the,'DH AH',s,''
shall,'SH AE L',s,'AE'
clip,'K L IH P',s,'IH'
in,'IH N',s,'IH'
it,'IH T',s,'IH'
a,'AH',s,''
pair,'P EH R',s,''
so,'S OW',s,''
famous,'F EY M AH S',s,'EY'
events,'IH V EH N T S',s,'IH'
as,'AE Z',s,'AE'
that,'DH AE T',s,'AE'
them,'DH EH M',s,''
and,'AH N D',s,''
their,'DH EH R',s,''
story,'S T AO R IY',s,'AO IY'
is,'IH Z',s,'IH'
no,'N OW',s,''
less,'L EH S',s,''
in,'IH N',s,'IH'
than,'DH AE N',s,'AE'
his,'HH IH Z',s,'IH'
them,'DH EH M',s,''
to,'T UW',s,'UW'
be,'B IY',s,'IY'
lamented,'L ǝ M e N T IH D',s,'IH'
our,'OW R',s,''
shall,'SH AE L',s,'AE'
in,'IH N',s,'IH'
attend,'AH T EH N D',s,''
this,'DH IH S',s,'IH'
funeral,'F Y UW N ER AH L',s,'UW'
and,'AH N D',s,''
then,'DH EH N',s,''
to,'T UW',s,'UW'
see,'S IY',s,'IY'
order,'AO R D ǝ R',s,'AO'
in,'IH N',s,'IH'
this,'DH IH S',s,'IH'
great,'G r e T',s,''
